/*
 Navicat Premium Data Transfer

 Source Server         : aaaaaaaaa
 Source Server Type    : MySQL
 Source Server Version : 50722
 Source Host           : localhost:3306
 Source Schema         : fsb_shiro_jwt

 Target Server Type    : MySQL
 Target Server Version : 50722
 File Encoding         : 65001

 Date: 22/08/2019 22:13:38
*/

SET NAMES utf8mb4;
SET FOREIGN_KEY_CHECKS = 0;

-- ----------------------------
-- Table structure for qrtz_blob_triggers
-- ----------------------------
DROP TABLE IF EXISTS `qrtz_blob_triggers`;
CREATE TABLE `qrtz_blob_triggers`  (
  `SCHED_NAME` varchar(120) CHARACTER SET latin1 COLLATE latin1_swedish_ci NOT NULL,
  `TRIGGER_NAME` varchar(200) CHARACTER SET latin1 COLLATE latin1_swedish_ci NOT NULL,
  `TRIGGER_GROUP` varchar(200) CHARACTER SET latin1 COLLATE latin1_swedish_ci NOT NULL,
  `BLOB_DATA` blob,
  PRIMARY KEY (`SCHED_NAME`, `TRIGGER_NAME`, `TRIGGER_GROUP`) USING BTREE,
  CONSTRAINT `qrtz_blob_triggers_ibfk_1` FOREIGN KEY (`SCHED_NAME`, `TRIGGER_NAME`, `TRIGGER_GROUP`) REFERENCES `qrtz_triggers` (`SCHED_NAME`, `TRIGGER_NAME`, `TRIGGER_GROUP`) ON DELETE RESTRICT ON UPDATE RESTRICT
) ENGINE = InnoDB CHARACTER SET = latin1 COLLATE = latin1_swedish_ci ROW_FORMAT = Dynamic;

-- ----------------------------
-- Table structure for qrtz_calendars
-- ----------------------------
DROP TABLE IF EXISTS `qrtz_calendars`;
CREATE TABLE `qrtz_calendars`  (
  `SCHED_NAME` varchar(120) CHARACTER SET latin1 COLLATE latin1_swedish_ci NOT NULL,
  `CALENDAR_NAME` varchar(200) CHARACTER SET latin1 COLLATE latin1_swedish_ci NOT NULL,
  `CALENDAR` blob NOT NULL,
  PRIMARY KEY (`SCHED_NAME`, `CALENDAR_NAME`) USING BTREE
) ENGINE = InnoDB CHARACTER SET = latin1 COLLATE = latin1_swedish_ci ROW_FORMAT = Dynamic;

-- ----------------------------
-- Table structure for qrtz_cron_triggers
-- ----------------------------
DROP TABLE IF EXISTS `qrtz_cron_triggers`;
CREATE TABLE `qrtz_cron_triggers`  (
  `SCHED_NAME` varchar(120) CHARACTER SET latin1 COLLATE latin1_swedish_ci NOT NULL,
  `TRIGGER_NAME` varchar(200) CHARACTER SET latin1 COLLATE latin1_swedish_ci NOT NULL,
  `TRIGGER_GROUP` varchar(200) CHARACTER SET latin1 COLLATE latin1_swedish_ci NOT NULL,
  `CRON_EXPRESSION` varchar(200) CHARACTER SET latin1 COLLATE latin1_swedish_ci NOT NULL,
  `TIME_ZONE_ID` varchar(80) CHARACTER SET latin1 COLLATE latin1_swedish_ci DEFAULT NULL,
  PRIMARY KEY (`SCHED_NAME`, `TRIGGER_NAME`, `TRIGGER_GROUP`) USING BTREE,
  CONSTRAINT `qrtz_cron_triggers_ibfk_1` FOREIGN KEY (`SCHED_NAME`, `TRIGGER_NAME`, `TRIGGER_GROUP`) REFERENCES `qrtz_triggers` (`SCHED_NAME`, `TRIGGER_NAME`, `TRIGGER_GROUP`) ON DELETE RESTRICT ON UPDATE RESTRICT
) ENGINE = InnoDB CHARACTER SET = latin1 COLLATE = latin1_swedish_ci ROW_FORMAT = Dynamic;

-- ----------------------------
-- Records of qrtz_cron_triggers
-- ----------------------------
INSERT INTO `qrtz_cron_triggers` VALUES ('MyScheduler', 'TASK_1', 'DEFAULT', '0/1 * * * * ?1', 'GMT+08:00');
INSERT INTO `qrtz_cron_triggers` VALUES ('MyScheduler', 'TASK_11', 'DEFAULT', '0/5 * * * * ?', 'GMT+08:00');
INSERT INTO `qrtz_cron_triggers` VALUES ('MyScheduler', 'TASK_2', 'DEFAULT', '0/10 * * * * ?', 'GMT+08:00');
INSERT INTO `qrtz_cron_triggers` VALUES ('MyScheduler', 'TASK_3', 'DEFAULT', '0/1 * * * * ?', 'GMT+08:00');

-- ----------------------------
-- Table structure for qrtz_fired_triggers
-- ----------------------------
DROP TABLE IF EXISTS `qrtz_fired_triggers`;
CREATE TABLE `qrtz_fired_triggers`  (
  `SCHED_NAME` varchar(120) CHARACTER SET latin1 COLLATE latin1_swedish_ci NOT NULL,
  `ENTRY_ID` varchar(95) CHARACTER SET latin1 COLLATE latin1_swedish_ci NOT NULL,
  `TRIGGER_NAME` varchar(200) CHARACTER SET latin1 COLLATE latin1_swedish_ci NOT NULL,
  `TRIGGER_GROUP` varchar(200) CHARACTER SET latin1 COLLATE latin1_swedish_ci NOT NULL,
  `INSTANCE_NAME` varchar(200) CHARACTER SET latin1 COLLATE latin1_swedish_ci NOT NULL,
  `FIRED_TIME` bigint(13) NOT NULL,
  `SCHED_TIME` bigint(13) NOT NULL,
  `PRIORITY` int(11) NOT NULL,
  `STATE` varchar(16) CHARACTER SET latin1 COLLATE latin1_swedish_ci NOT NULL,
  `JOB_NAME` varchar(200) CHARACTER SET latin1 COLLATE latin1_swedish_ci DEFAULT NULL,
  `JOB_GROUP` varchar(200) CHARACTER SET latin1 COLLATE latin1_swedish_ci DEFAULT NULL,
  `IS_NONCONCURRENT` varchar(1) CHARACTER SET latin1 COLLATE latin1_swedish_ci DEFAULT NULL,
  `REQUESTS_RECOVERY` varchar(1) CHARACTER SET latin1 COLLATE latin1_swedish_ci DEFAULT NULL,
  PRIMARY KEY (`SCHED_NAME`, `ENTRY_ID`) USING BTREE
) ENGINE = InnoDB CHARACTER SET = latin1 COLLATE = latin1_swedish_ci ROW_FORMAT = Dynamic;

-- ----------------------------
-- Table structure for qrtz_job_details
-- ----------------------------
DROP TABLE IF EXISTS `qrtz_job_details`;
CREATE TABLE `qrtz_job_details`  (
  `SCHED_NAME` varchar(120) CHARACTER SET latin1 COLLATE latin1_swedish_ci NOT NULL,
  `JOB_NAME` varchar(200) CHARACTER SET latin1 COLLATE latin1_swedish_ci NOT NULL,
  `JOB_GROUP` varchar(200) CHARACTER SET latin1 COLLATE latin1_swedish_ci NOT NULL,
  `DESCRIPTION` varchar(250) CHARACTER SET latin1 COLLATE latin1_swedish_ci DEFAULT NULL,
  `JOB_CLASS_NAME` varchar(250) CHARACTER SET latin1 COLLATE latin1_swedish_ci NOT NULL,
  `IS_DURABLE` varchar(1) CHARACTER SET latin1 COLLATE latin1_swedish_ci NOT NULL,
  `IS_NONCONCURRENT` varchar(1) CHARACTER SET latin1 COLLATE latin1_swedish_ci NOT NULL,
  `IS_UPDATE_DATA` varchar(1) CHARACTER SET latin1 COLLATE latin1_swedish_ci NOT NULL,
  `REQUESTS_RECOVERY` varchar(1) CHARACTER SET latin1 COLLATE latin1_swedish_ci NOT NULL,
  `JOB_DATA` blob,
  PRIMARY KEY (`SCHED_NAME`, `JOB_NAME`, `JOB_GROUP`) USING BTREE
) ENGINE = InnoDB CHARACTER SET = latin1 COLLATE = latin1_swedish_ci ROW_FORMAT = Dynamic;

-- ----------------------------
-- Records of qrtz_job_details
-- ----------------------------
INSERT INTO `qrtz_job_details` VALUES ('MyScheduler', 'TASK_1', 'DEFAULT', NULL, 'com.lty.fsb.job.util.ScheduleJob', '0', '0', '0', '0', 0xACED0005737200156F72672E71756172747A2E4A6F62446174614D61709FB083E8BFA9B0CB020000787200266F72672E71756172747A2E7574696C732E537472696E674B65794469727479466C61674D61708208E8C3FBC55D280200015A0013616C6C6F77735472616E7369656E74446174617872001D6F72672E71756172747A2E7574696C732E4469727479466C61674D617013E62EAD28760ACE0200025A000564697274794C00036D617074000F4C6A6176612F7574696C2F4D61703B787001737200116A6176612E7574696C2E486173684D61700507DAC1C31660D103000246000A6C6F6164466163746F724900097468726573686F6C6478703F4000000000000C7708000000100000000174000D4A4F425F504152414D5F4B45597372001A636F6D2E6C74792E6673622E6A6F622E646F6D61696E2E4A6F62058D52AC1093A3040200084C00086265616E4E616D657400124C6A6176612F6C616E672F537472696E673B4C000A63726561746554696D657400104C6A6176612F7574696C2F446174653B4C000E63726F6E45787072657373696F6E71007E00094C00056A6F6249647400104C6A6176612F6C616E672F4C6F6E673B4C000A6D6574686F644E616D6571007E00094C0006706172616D7371007E00094C000672656D61726B71007E00094C000673746174757371007E00097870740008746573745461736B7372000E6A6176612E7574696C2E44617465686A81014B5974190300007870770800000161C8A2E4707874000E302F31202A202A202A202A203F317372000E6A6176612E6C616E672E4C6F6E673B8BE490CC8F23DF0200014A000576616C7565787200106A6176612E6C616E672E4E756D62657286AC951D0B94E08B02000078700000000000000001740004746573747400066D7262697264740018E69C89E58F82E4BBBBE58AA1E8B083E5BAA6E6B58BE8AF95740001317800);
INSERT INTO `qrtz_job_details` VALUES ('MyScheduler', 'TASK_11', 'DEFAULT', NULL, 'com.lty.fsb.job.util.ScheduleJob', '0', '0', '0', '0', 0xACED0005737200156F72672E71756172747A2E4A6F62446174614D61709FB083E8BFA9B0CB020000787200266F72672E71756172747A2E7574696C732E537472696E674B65794469727479466C61674D61708208E8C3FBC55D280200015A0013616C6C6F77735472616E7369656E74446174617872001D6F72672E71756172747A2E7574696C732E4469727479466C61674D617013E62EAD28760ACE0200025A000564697274794C00036D617074000F4C6A6176612F7574696C2F4D61703B787001737200116A6176612E7574696C2E486173684D61700507DAC1C31660D103000246000A6C6F6164466163746F724900097468726573686F6C6478703F4000000000000C7708000000100000000174000D4A4F425F504152414D5F4B45597372001A636F6D2E6C74792E6673622E6A6F622E646F6D61696E2E4A6F62058D52AC1093A3040200084C00086265616E4E616D657400124C6A6176612F6C616E672F537472696E673B4C000A63726561746554696D657400104C6A6176612F7574696C2F446174653B4C000E63726F6E45787072657373696F6E71007E00094C00056A6F6249647400104C6A6176612F6C616E672F4C6F6E673B4C000A6D6574686F644E616D6571007E00094C0006706172616D7371007E00094C000672656D61726B71007E00094C000673746174757371007E00097870740008746573745461736B7372000E6A6176612E7574696C2E44617465686A81014B5974190300007870770800000161D1D320507874000D302F35202A202A202A202A203F7372000E6A6176612E6C616E672E4C6F6E673B8BE490CC8F23DF0200014A000576616C7565787200106A6176612E6C616E672E4E756D62657286AC951D0B94E08B0200007870000000000000000B74000574657374327074000CE6B58BE8AF95E5BC82E5B8B8740001317800);
INSERT INTO `qrtz_job_details` VALUES ('MyScheduler', 'TASK_2', 'DEFAULT', NULL, 'com.lty.fsb.job.util.ScheduleJob', '0', '0', '0', '0', 0xACED0005737200156F72672E71756172747A2E4A6F62446174614D61709FB083E8BFA9B0CB020000787200266F72672E71756172747A2E7574696C732E537472696E674B65794469727479466C61674D61708208E8C3FBC55D280200015A0013616C6C6F77735472616E7369656E74446174617872001D6F72672E71756172747A2E7574696C732E4469727479466C61674D617013E62EAD28760ACE0200025A000564697274794C00036D617074000F4C6A6176612F7574696C2F4D61703B787001737200116A6176612E7574696C2E486173684D61700507DAC1C31660D103000246000A6C6F6164466163746F724900097468726573686F6C6478703F4000000000000C7708000000100000000174000D4A4F425F504152414D5F4B45597372001A636F6D2E6C74792E6673622E6A6F622E646F6D61696E2E4A6F62058D52AC1093A3040200084C00086265616E4E616D657400124C6A6176612F6C616E672F537472696E673B4C000A63726561746554696D657400104C6A6176612F7574696C2F446174653B4C000E63726F6E45787072657373696F6E71007E00094C00056A6F6249647400104C6A6176612F6C616E672F4C6F6E673B4C000A6D6574686F644E616D6571007E00094C0006706172616D7371007E00094C000672656D61726B71007E00094C000673746174757371007E00097870740008746573745461736B7372000E6A6176612E7574696C2E44617465686A81014B5974190300007870770800000161C8C7A6987874000E302F3130202A202A202A202A203F7372000E6A6176612E6C616E672E4C6F6E673B8BE490CC8F23DF0200014A000576616C7565787200106A6176612E6C616E672E4E756D62657286AC951D0B94E08B02000078700000000000000002740005746573743170740018E697A0E58F82E4BBBBE58AA1E8B083E5BAA6E6B58BE8AF95740001317800);
INSERT INTO `qrtz_job_details` VALUES ('MyScheduler', 'TASK_3', 'DEFAULT', NULL, 'com.lty.fsb.job.util.ScheduleJob', '0', '0', '0', '0', 0xACED0005737200156F72672E71756172747A2E4A6F62446174614D61709FB083E8BFA9B0CB020000787200266F72672E71756172747A2E7574696C732E537472696E674B65794469727479466C61674D61708208E8C3FBC55D280200015A0013616C6C6F77735472616E7369656E74446174617872001D6F72672E71756172747A2E7574696C732E4469727479466C61674D617013E62EAD28760ACE0200025A000564697274794C00036D617074000F4C6A6176612F7574696C2F4D61703B787001737200116A6176612E7574696C2E486173684D61700507DAC1C31660D103000246000A6C6F6164466163746F724900097468726573686F6C6478703F4000000000000C7708000000100000000174000D4A4F425F504152414D5F4B45597372001A636F6D2E6C74792E6673622E6A6F622E646F6D61696E2E4A6F62058D52AC1093A3040200084C00086265616E4E616D657400124C6A6176612F6C616E672F537472696E673B4C000A63726561746554696D657400104C6A6176612F7574696C2F446174653B4C000E63726F6E45787072657373696F6E71007E00094C00056A6F6249647400104C6A6176612F6C616E672F4C6F6E673B4C000A6D6574686F644E616D6571007E00094C0006706172616D7371007E00094C000672656D61726B71007E00094C000673746174757371007E00097870740008746573745461736B7372000E6A6176612E7574696C2E44617465686A81014B5974190300007870770800000161D1711A907874000D302F31202A202A202A202A203F7372000E6A6176612E6C616E672E4C6F6E673B8BE490CC8F23DF0200014A000576616C7565787200106A6176612E6C616E672E4E756D62657286AC951D0B94E08B020000787000000000000000037400047465737474000B68656C6C6F20776F726C6474002BE69C89E58F82E4BBBBE58AA1E8B083E5BAA6E6B58BE8AF952CE6AF8FE99A94E4B880E7A792E8A7A6E58F91740001317800);

-- ----------------------------
-- Table structure for qrtz_locks
-- ----------------------------
DROP TABLE IF EXISTS `qrtz_locks`;
CREATE TABLE `qrtz_locks`  (
  `SCHED_NAME` varchar(120) CHARACTER SET latin1 COLLATE latin1_swedish_ci NOT NULL,
  `LOCK_NAME` varchar(40) CHARACTER SET latin1 COLLATE latin1_swedish_ci NOT NULL,
  PRIMARY KEY (`SCHED_NAME`, `LOCK_NAME`) USING BTREE
) ENGINE = InnoDB CHARACTER SET = latin1 COLLATE = latin1_swedish_ci ROW_FORMAT = Dynamic;

-- ----------------------------
-- Records of qrtz_locks
-- ----------------------------
INSERT INTO `qrtz_locks` VALUES ('MyScheduler', 'STATE_ACCESS');
INSERT INTO `qrtz_locks` VALUES ('MyScheduler', 'TRIGGER_ACCESS');

-- ----------------------------
-- Table structure for qrtz_paused_trigger_grps
-- ----------------------------
DROP TABLE IF EXISTS `qrtz_paused_trigger_grps`;
CREATE TABLE `qrtz_paused_trigger_grps`  (
  `SCHED_NAME` varchar(120) CHARACTER SET latin1 COLLATE latin1_swedish_ci NOT NULL,
  `TRIGGER_GROUP` varchar(200) CHARACTER SET latin1 COLLATE latin1_swedish_ci NOT NULL,
  PRIMARY KEY (`SCHED_NAME`, `TRIGGER_GROUP`) USING BTREE
) ENGINE = InnoDB CHARACTER SET = latin1 COLLATE = latin1_swedish_ci ROW_FORMAT = Dynamic;

-- ----------------------------
-- Table structure for qrtz_scheduler_state
-- ----------------------------
DROP TABLE IF EXISTS `qrtz_scheduler_state`;
CREATE TABLE `qrtz_scheduler_state`  (
  `SCHED_NAME` varchar(120) CHARACTER SET latin1 COLLATE latin1_swedish_ci NOT NULL,
  `INSTANCE_NAME` varchar(200) CHARACTER SET latin1 COLLATE latin1_swedish_ci NOT NULL,
  `LAST_CHECKIN_TIME` bigint(13) NOT NULL,
  `CHECKIN_INTERVAL` bigint(13) NOT NULL,
  PRIMARY KEY (`SCHED_NAME`, `INSTANCE_NAME`) USING BTREE
) ENGINE = InnoDB CHARACTER SET = latin1 COLLATE = latin1_swedish_ci ROW_FORMAT = Dynamic;

-- ----------------------------
-- Records of qrtz_scheduler_state
-- ----------------------------
INSERT INTO `qrtz_scheduler_state` VALUES ('MyScheduler', 'MS-20180521LXLP1566481517174', 1566481715369, 15000);

-- ----------------------------
-- Table structure for qrtz_simple_triggers
-- ----------------------------
DROP TABLE IF EXISTS `qrtz_simple_triggers`;
CREATE TABLE `qrtz_simple_triggers`  (
  `SCHED_NAME` varchar(120) CHARACTER SET latin1 COLLATE latin1_swedish_ci NOT NULL,
  `TRIGGER_NAME` varchar(200) CHARACTER SET latin1 COLLATE latin1_swedish_ci NOT NULL,
  `TRIGGER_GROUP` varchar(200) CHARACTER SET latin1 COLLATE latin1_swedish_ci NOT NULL,
  `REPEAT_COUNT` bigint(7) NOT NULL,
  `REPEAT_INTERVAL` bigint(12) NOT NULL,
  `TIMES_TRIGGERED` bigint(10) NOT NULL,
  PRIMARY KEY (`SCHED_NAME`, `TRIGGER_NAME`, `TRIGGER_GROUP`) USING BTREE,
  CONSTRAINT `qrtz_simple_triggers_ibfk_1` FOREIGN KEY (`SCHED_NAME`, `TRIGGER_NAME`, `TRIGGER_GROUP`) REFERENCES `qrtz_triggers` (`SCHED_NAME`, `TRIGGER_NAME`, `TRIGGER_GROUP`) ON DELETE RESTRICT ON UPDATE RESTRICT
) ENGINE = InnoDB CHARACTER SET = latin1 COLLATE = latin1_swedish_ci ROW_FORMAT = Dynamic;

-- ----------------------------
-- Table structure for qrtz_simprop_triggers
-- ----------------------------
DROP TABLE IF EXISTS `qrtz_simprop_triggers`;
CREATE TABLE `qrtz_simprop_triggers`  (
  `SCHED_NAME` varchar(120) CHARACTER SET latin1 COLLATE latin1_swedish_ci NOT NULL,
  `TRIGGER_NAME` varchar(200) CHARACTER SET latin1 COLLATE latin1_swedish_ci NOT NULL,
  `TRIGGER_GROUP` varchar(200) CHARACTER SET latin1 COLLATE latin1_swedish_ci NOT NULL,
  `STR_PROP_1` varchar(512) CHARACTER SET latin1 COLLATE latin1_swedish_ci DEFAULT NULL,
  `STR_PROP_2` varchar(512) CHARACTER SET latin1 COLLATE latin1_swedish_ci DEFAULT NULL,
  `STR_PROP_3` varchar(512) CHARACTER SET latin1 COLLATE latin1_swedish_ci DEFAULT NULL,
  `INT_PROP_1` int(11) DEFAULT NULL,
  `INT_PROP_2` int(11) DEFAULT NULL,
  `LONG_PROP_1` bigint(20) DEFAULT NULL,
  `LONG_PROP_2` bigint(20) DEFAULT NULL,
  `DEC_PROP_1` decimal(13, 4) DEFAULT NULL,
  `DEC_PROP_2` decimal(13, 4) DEFAULT NULL,
  `BOOL_PROP_1` varchar(1) CHARACTER SET latin1 COLLATE latin1_swedish_ci DEFAULT NULL,
  `BOOL_PROP_2` varchar(1) CHARACTER SET latin1 COLLATE latin1_swedish_ci DEFAULT NULL,
  PRIMARY KEY (`SCHED_NAME`, `TRIGGER_NAME`, `TRIGGER_GROUP`) USING BTREE,
  CONSTRAINT `qrtz_simprop_triggers_ibfk_1` FOREIGN KEY (`SCHED_NAME`, `TRIGGER_NAME`, `TRIGGER_GROUP`) REFERENCES `qrtz_triggers` (`SCHED_NAME`, `TRIGGER_NAME`, `TRIGGER_GROUP`) ON DELETE RESTRICT ON UPDATE RESTRICT
) ENGINE = InnoDB CHARACTER SET = latin1 COLLATE = latin1_swedish_ci ROW_FORMAT = Dynamic;

-- ----------------------------
-- Table structure for qrtz_triggers
-- ----------------------------
DROP TABLE IF EXISTS `qrtz_triggers`;
CREATE TABLE `qrtz_triggers`  (
  `SCHED_NAME` varchar(120) CHARACTER SET latin1 COLLATE latin1_swedish_ci NOT NULL,
  `TRIGGER_NAME` varchar(200) CHARACTER SET latin1 COLLATE latin1_swedish_ci NOT NULL,
  `TRIGGER_GROUP` varchar(200) CHARACTER SET latin1 COLLATE latin1_swedish_ci NOT NULL,
  `JOB_NAME` varchar(200) CHARACTER SET latin1 COLLATE latin1_swedish_ci NOT NULL,
  `JOB_GROUP` varchar(200) CHARACTER SET latin1 COLLATE latin1_swedish_ci NOT NULL,
  `DESCRIPTION` varchar(250) CHARACTER SET latin1 COLLATE latin1_swedish_ci DEFAULT NULL,
  `NEXT_FIRE_TIME` bigint(13) DEFAULT NULL,
  `PREV_FIRE_TIME` bigint(13) DEFAULT NULL,
  `PRIORITY` int(11) DEFAULT NULL,
  `TRIGGER_STATE` varchar(16) CHARACTER SET latin1 COLLATE latin1_swedish_ci NOT NULL,
  `TRIGGER_TYPE` varchar(8) CHARACTER SET latin1 COLLATE latin1_swedish_ci NOT NULL,
  `START_TIME` bigint(13) NOT NULL,
  `END_TIME` bigint(13) DEFAULT NULL,
  `CALENDAR_NAME` varchar(200) CHARACTER SET latin1 COLLATE latin1_swedish_ci DEFAULT NULL,
  `MISFIRE_INSTR` smallint(2) DEFAULT NULL,
  `JOB_DATA` blob,
  PRIMARY KEY (`SCHED_NAME`, `TRIGGER_NAME`, `TRIGGER_GROUP`) USING BTREE,
  INDEX `SCHED_NAME`(`SCHED_NAME`, `JOB_NAME`, `JOB_GROUP`) USING BTREE,
  CONSTRAINT `qrtz_triggers_ibfk_1` FOREIGN KEY (`SCHED_NAME`, `JOB_NAME`, `JOB_GROUP`) REFERENCES `qrtz_job_details` (`SCHED_NAME`, `JOB_NAME`, `JOB_GROUP`) ON DELETE RESTRICT ON UPDATE RESTRICT
) ENGINE = InnoDB CHARACTER SET = latin1 COLLATE = latin1_swedish_ci ROW_FORMAT = Dynamic;

-- ----------------------------
-- Records of qrtz_triggers
-- ----------------------------
INSERT INTO `qrtz_triggers` VALUES ('MyScheduler', 'TASK_1', 'DEFAULT', 'TASK_1', 'DEFAULT', NULL, 1566442042000, -1, 5, 'PAUSED', 'CRON', 1566442042000, 0, NULL, 2, 0xACED0005737200156F72672E71756172747A2E4A6F62446174614D61709FB083E8BFA9B0CB020000787200266F72672E71756172747A2E7574696C732E537472696E674B65794469727479466C61674D61708208E8C3FBC55D280200015A0013616C6C6F77735472616E7369656E74446174617872001D6F72672E71756172747A2E7574696C732E4469727479466C61674D617013E62EAD28760ACE0200025A000564697274794C00036D617074000F4C6A6176612F7574696C2F4D61703B787001737200116A6176612E7574696C2E486173684D61700507DAC1C31660D103000246000A6C6F6164466163746F724900097468726573686F6C6478703F4000000000000C7708000000100000000174000D4A4F425F504152414D5F4B45597372001A636F6D2E6C74792E6673622E6A6F622E646F6D61696E2E4A6F62058D52AC1093A3040200084C00086265616E4E616D657400124C6A6176612F6C616E672F537472696E673B4C000A63726561746554696D657400104C6A6176612F7574696C2F446174653B4C000E63726F6E45787072657373696F6E71007E00094C00056A6F6249647400104C6A6176612F6C616E672F4C6F6E673B4C000A6D6574686F644E616D6571007E00094C0006706172616D7371007E00094C000672656D61726B71007E00094C000673746174757371007E00097870740008746573745461736B7372000E6A6176612E7574696C2E44617465686A81014B5974190300007870770800000161C8A2E4707874000E302F31202A202A202A202A203F317372000E6A6176612E6C616E672E4C6F6E673B8BE490CC8F23DF0200014A000576616C7565787200106A6176612E6C616E672E4E756D62657286AC951D0B94E08B02000078700000000000000001740004746573747400066D7262697264740018E69C89E58F82E4BBBBE58AA1E8B083E5BAA6E6B58BE8AF95740001317800);
INSERT INTO `qrtz_triggers` VALUES ('MyScheduler', 'TASK_11', 'DEFAULT', 'TASK_11', 'DEFAULT', NULL, 1566442045000, -1, 5, 'PAUSED', 'CRON', 1566442042000, 0, NULL, 2, 0xACED0005737200156F72672E71756172747A2E4A6F62446174614D61709FB083E8BFA9B0CB020000787200266F72672E71756172747A2E7574696C732E537472696E674B65794469727479466C61674D61708208E8C3FBC55D280200015A0013616C6C6F77735472616E7369656E74446174617872001D6F72672E71756172747A2E7574696C732E4469727479466C61674D617013E62EAD28760ACE0200025A000564697274794C00036D617074000F4C6A6176612F7574696C2F4D61703B787001737200116A6176612E7574696C2E486173684D61700507DAC1C31660D103000246000A6C6F6164466163746F724900097468726573686F6C6478703F4000000000000C7708000000100000000174000D4A4F425F504152414D5F4B45597372001A636F6D2E6C74792E6673622E6A6F622E646F6D61696E2E4A6F62058D52AC1093A3040200084C00086265616E4E616D657400124C6A6176612F6C616E672F537472696E673B4C000A63726561746554696D657400104C6A6176612F7574696C2F446174653B4C000E63726F6E45787072657373696F6E71007E00094C00056A6F6249647400104C6A6176612F6C616E672F4C6F6E673B4C000A6D6574686F644E616D6571007E00094C0006706172616D7371007E00094C000672656D61726B71007E00094C000673746174757371007E00097870740008746573745461736B7372000E6A6176612E7574696C2E44617465686A81014B5974190300007870770800000161D1D320507874000D302F35202A202A202A202A203F7372000E6A6176612E6C616E672E4C6F6E673B8BE490CC8F23DF0200014A000576616C7565787200106A6176612E6C616E672E4E756D62657286AC951D0B94E08B0200007870000000000000000B74000574657374327074000CE6B58BE8AF95E5BC82E5B8B8740001317800);
INSERT INTO `qrtz_triggers` VALUES ('MyScheduler', 'TASK_2', 'DEFAULT', 'TASK_2', 'DEFAULT', NULL, 1566442050000, -1, 5, 'PAUSED', 'CRON', 1566442042000, 0, NULL, 2, 0xACED0005737200156F72672E71756172747A2E4A6F62446174614D61709FB083E8BFA9B0CB020000787200266F72672E71756172747A2E7574696C732E537472696E674B65794469727479466C61674D61708208E8C3FBC55D280200015A0013616C6C6F77735472616E7369656E74446174617872001D6F72672E71756172747A2E7574696C732E4469727479466C61674D617013E62EAD28760ACE0200025A000564697274794C00036D617074000F4C6A6176612F7574696C2F4D61703B787001737200116A6176612E7574696C2E486173684D61700507DAC1C31660D103000246000A6C6F6164466163746F724900097468726573686F6C6478703F4000000000000C7708000000100000000174000D4A4F425F504152414D5F4B45597372001A636F6D2E6C74792E6673622E6A6F622E646F6D61696E2E4A6F62058D52AC1093A3040200084C00086265616E4E616D657400124C6A6176612F6C616E672F537472696E673B4C000A63726561746554696D657400104C6A6176612F7574696C2F446174653B4C000E63726F6E45787072657373696F6E71007E00094C00056A6F6249647400104C6A6176612F6C616E672F4C6F6E673B4C000A6D6574686F644E616D6571007E00094C0006706172616D7371007E00094C000672656D61726B71007E00094C000673746174757371007E00097870740008746573745461736B7372000E6A6176612E7574696C2E44617465686A81014B5974190300007870770800000161C8C7A6987874000E302F3130202A202A202A202A203F7372000E6A6176612E6C616E672E4C6F6E673B8BE490CC8F23DF0200014A000576616C7565787200106A6176612E6C616E672E4E756D62657286AC951D0B94E08B02000078700000000000000002740005746573743170740018E697A0E58F82E4BBBBE58AA1E8B083E5BAA6E6B58BE8AF95740001317800);
INSERT INTO `qrtz_triggers` VALUES ('MyScheduler', 'TASK_3', 'DEFAULT', 'TASK_3', 'DEFAULT', NULL, 1566442042000, -1, 5, 'PAUSED', 'CRON', 1566442042000, 0, NULL, 2, 0xACED0005737200156F72672E71756172747A2E4A6F62446174614D61709FB083E8BFA9B0CB020000787200266F72672E71756172747A2E7574696C732E537472696E674B65794469727479466C61674D61708208E8C3FBC55D280200015A0013616C6C6F77735472616E7369656E74446174617872001D6F72672E71756172747A2E7574696C732E4469727479466C61674D617013E62EAD28760ACE0200025A000564697274794C00036D617074000F4C6A6176612F7574696C2F4D61703B787001737200116A6176612E7574696C2E486173684D61700507DAC1C31660D103000246000A6C6F6164466163746F724900097468726573686F6C6478703F4000000000000C7708000000100000000174000D4A4F425F504152414D5F4B45597372001A636F6D2E6C74792E6673622E6A6F622E646F6D61696E2E4A6F62058D52AC1093A3040200084C00086265616E4E616D657400124C6A6176612F6C616E672F537472696E673B4C000A63726561746554696D657400104C6A6176612F7574696C2F446174653B4C000E63726F6E45787072657373696F6E71007E00094C00056A6F6249647400104C6A6176612F6C616E672F4C6F6E673B4C000A6D6574686F644E616D6571007E00094C0006706172616D7371007E00094C000672656D61726B71007E00094C000673746174757371007E00097870740008746573745461736B7372000E6A6176612E7574696C2E44617465686A81014B5974190300007870770800000161D1711A907874000D302F31202A202A202A202A203F7372000E6A6176612E6C616E672E4C6F6E673B8BE490CC8F23DF0200014A000576616C7565787200106A6176612E6C616E672E4E756D62657286AC951D0B94E08B020000787000000000000000037400047465737474000B68656C6C6F20776F726C6474002BE69C89E58F82E4BBBBE58AA1E8B083E5BAA6E6B58BE8AF952CE6AF8FE99A94E4B880E7A792E8A7A6E58F91740001317800);

-- ----------------------------
-- Table structure for t_dept
-- ----------------------------
DROP TABLE IF EXISTS `t_dept`;
CREATE TABLE `t_dept`  (
  `DEPT_ID` bigint(20) NOT NULL AUTO_INCREMENT COMMENT '部门ID',
  `PARENT_ID` bigint(20) NOT NULL COMMENT '上级部门ID',
  `DEPT_NAME` varchar(100) CHARACTER SET utf8 COLLATE utf8_general_ci NOT NULL COMMENT '部门名称',
  `ORDER_NUM` double(20, 0) DEFAULT NULL COMMENT '排序',
  `CREATE_TIME` datetime(0) DEFAULT NULL COMMENT '创建时间',
  `MODIFY_TIME` datetime(0) DEFAULT NULL COMMENT '修改时间',
  PRIMARY KEY (`DEPT_ID`) USING BTREE
) ENGINE = InnoDB AUTO_INCREMENT = 7 CHARACTER SET = utf8 COLLATE = utf8_general_ci ROW_FORMAT = Dynamic;

-- ----------------------------
-- Records of t_dept
-- ----------------------------
INSERT INTO `t_dept` VALUES (1, 0, '开发部', 1, '2018-01-04 15:42:26', '2019-01-05 21:08:27');
INSERT INTO `t_dept` VALUES (2, 1, '开发一部', 1, '2018-01-04 15:42:34', '2019-01-18 00:59:37');
INSERT INTO `t_dept` VALUES (3, 1, '开发二部', 2, '2018-01-04 15:42:29', '2019-01-05 14:09:39');
INSERT INTO `t_dept` VALUES (4, 0, '市场部', 2, '2018-01-04 15:42:36', '2019-01-23 06:27:56');
INSERT INTO `t_dept` VALUES (5, 0, '人事部', 3, '2018-01-04 15:42:32', '2019-01-23 06:27:59');
INSERT INTO `t_dept` VALUES (6, 0, '测试部', 4, '2018-01-04 15:42:38', '2019-01-17 08:15:47');

-- ----------------------------
-- Table structure for t_dict
-- ----------------------------
DROP TABLE IF EXISTS `t_dict`;
CREATE TABLE `t_dict`  (
  `DICT_ID` bigint(20) NOT NULL AUTO_INCREMENT COMMENT '字典ID',
  `KEYY` bigint(20) NOT NULL COMMENT '键',
  `VALUEE` varchar(100) CHARACTER SET utf8 COLLATE utf8_general_ci NOT NULL COMMENT '值',
  `FIELD_NAME` varchar(100) CHARACTER SET utf8 COLLATE utf8_general_ci NOT NULL COMMENT '字段名称',
  `TABLE_NAME` varchar(100) CHARACTER SET utf8 COLLATE utf8_general_ci NOT NULL COMMENT '表名',
  PRIMARY KEY (`DICT_ID`) USING BTREE
) ENGINE = InnoDB AUTO_INCREMENT = 34 CHARACTER SET = utf8 COLLATE = utf8_general_ci ROW_FORMAT = Dynamic;

-- ----------------------------
-- Records of t_dict
-- ----------------------------
INSERT INTO `t_dict` VALUES (1, 0, '男', 'ssex', 't_user');
INSERT INTO `t_dict` VALUES (2, 1, '女', 'ssex', 't_user');
INSERT INTO `t_dict` VALUES (3, 2, '保密', 'ssex', 't_user');
INSERT INTO `t_dict` VALUES (4, 1, '有效', 'status', 't_user');
INSERT INTO `t_dict` VALUES (5, 0, '锁定', 'status', 't_user');
INSERT INTO `t_dict` VALUES (6, 0, '菜单', 'type', 't_menu');
INSERT INTO `t_dict` VALUES (7, 1, '按钮', 'type', 't_menu');
INSERT INTO `t_dict` VALUES (30, 0, '正常', 'status', 't_job');
INSERT INTO `t_dict` VALUES (31, 1, '暂停', 'status', 't_job');
INSERT INTO `t_dict` VALUES (32, 0, '成功', 'status', 't_job_log');
INSERT INTO `t_dict` VALUES (33, 1, '失败', 'status', 't_job_log');

-- ----------------------------
-- Table structure for t_job
-- ----------------------------
DROP TABLE IF EXISTS `t_job`;
CREATE TABLE `t_job`  (
  `JOB_ID` bigint(20) NOT NULL AUTO_INCREMENT COMMENT '任务id',
  `BEAN_NAME` varchar(100) CHARACTER SET utf8 COLLATE utf8_general_ci NOT NULL COMMENT 'spring bean名称',
  `METHOD_NAME` varchar(100) CHARACTER SET utf8 COLLATE utf8_general_ci NOT NULL COMMENT '方法名',
  `PARAMS` varchar(200) CHARACTER SET utf8 COLLATE utf8_general_ci DEFAULT NULL COMMENT '参数',
  `CRON_EXPRESSION` varchar(100) CHARACTER SET utf8 COLLATE utf8_general_ci NOT NULL COMMENT 'cron表达式',
  `STATUS` char(2) CHARACTER SET utf8 COLLATE utf8_general_ci NOT NULL COMMENT '任务状态  0：正常  1：暂停',
  `REMARK` varchar(200) CHARACTER SET utf8 COLLATE utf8_general_ci DEFAULT NULL COMMENT '备注',
  `CREATE_TIME` datetime(0) DEFAULT NULL COMMENT '创建时间',
  PRIMARY KEY (`JOB_ID`) USING BTREE
) ENGINE = InnoDB AUTO_INCREMENT = 12 CHARACTER SET = utf8 COLLATE = utf8_general_ci ROW_FORMAT = Dynamic;

-- ----------------------------
-- Records of t_job
-- ----------------------------
INSERT INTO `t_job` VALUES (1, 'testTask', 'test', 'fsb', '0/1 * * * * ?1', '1', '有参任务调度测试', '2018-02-24 16:26:14');
INSERT INTO `t_job` VALUES (2, 'testTask', 'test1', NULL, '0/10 * * * * ?', '1', '无参任务调度测试', '2018-02-24 17:06:23');
INSERT INTO `t_job` VALUES (3, 'testTask', 'test', 'hello world', '0/1 * * * * ?', '1', '有参任务调度测试,每隔一秒触发', '2018-02-26 09:28:26');
INSERT INTO `t_job` VALUES (11, 'testTask', 'test2', NULL, '0/5 * * * * ?', '1', '测试异常', '2018-02-26 11:15:30');

-- ----------------------------
-- Table structure for t_job_log
-- ----------------------------
DROP TABLE IF EXISTS `t_job_log`;
CREATE TABLE `t_job_log`  (
  `LOG_ID` bigint(20) NOT NULL AUTO_INCREMENT COMMENT '任务日志id',
  `JOB_ID` bigint(20) NOT NULL COMMENT '任务id',
  `BEAN_NAME` varchar(100) CHARACTER SET utf8 COLLATE utf8_general_ci NOT NULL COMMENT 'spring bean名称',
  `METHOD_NAME` varchar(100) CHARACTER SET utf8 COLLATE utf8_general_ci NOT NULL COMMENT '方法名',
  `PARAMS` varchar(200) CHARACTER SET utf8 COLLATE utf8_general_ci DEFAULT NULL COMMENT '参数',
  `STATUS` char(2) CHARACTER SET utf8 COLLATE utf8_general_ci NOT NULL COMMENT '任务状态    0：成功    1：失败',
  `ERROR` text CHARACTER SET utf8 COLLATE utf8_general_ci COMMENT '失败信息',
  `TIMES` decimal(11, 0) DEFAULT NULL COMMENT '耗时(单位：毫秒)',
  `CREATE_TIME` datetime(0) DEFAULT NULL COMMENT '创建时间',
  PRIMARY KEY (`LOG_ID`) USING BTREE
) ENGINE = InnoDB AUTO_INCREMENT = 2502 CHARACTER SET = utf8 COLLATE = utf8_general_ci ROW_FORMAT = Dynamic;

-- ----------------------------
-- Table structure for t_log
-- ----------------------------
DROP TABLE IF EXISTS `t_log`;
CREATE TABLE `t_log`  (
  `ID` bigint(20) NOT NULL AUTO_INCREMENT COMMENT '日志ID',
  `USERNAME` varchar(50) CHARACTER SET utf8 COLLATE utf8_general_ci DEFAULT NULL COMMENT '操作用户',
  `OPERATION` text CHARACTER SET utf8 COLLATE utf8_general_ci COMMENT '操作内容',
  `TIME` decimal(11, 0) DEFAULT NULL COMMENT '耗时',
  `METHOD` text CHARACTER SET utf8 COLLATE utf8_general_ci COMMENT '操作方法',
  `PARAMS` text CHARACTER SET utf8 COLLATE utf8_general_ci COMMENT '方法参数',
  `IP` varchar(64) CHARACTER SET utf8 COLLATE utf8_general_ci DEFAULT NULL COMMENT '操作者IP',
  `CREATE_TIME` datetime(0) DEFAULT NULL COMMENT '创建时间',
  `location` varchar(50) CHARACTER SET utf8 COLLATE utf8_general_ci DEFAULT NULL COMMENT '操作地点',
  PRIMARY KEY (`ID`) USING BTREE
) ENGINE = InnoDB AUTO_INCREMENT = 1843 CHARACTER SET = utf8 COLLATE = utf8_general_ci ROW_FORMAT = Dynamic;

-- ----------------------------
-- Records of t_log
-- ----------------------------
INSERT INTO `t_log` VALUES (1842, 'admin', '删除系统日志', 4, 'com.lty.fsb.system.controller.LogController.deleteLogss()', ' ids: \"1841\"', '127.0.0.1', '2019-08-22 06:28:39', '内网IP|0|0|内网IP|内网IP');

-- ----------------------------
-- Table structure for t_login_log
-- ----------------------------
DROP TABLE IF EXISTS `t_login_log`;
CREATE TABLE `t_login_log`  (
  `USERNAME` varchar(100) CHARACTER SET utf8 COLLATE utf8_general_ci NOT NULL COMMENT '用户名',
  `LOGIN_TIME` datetime(0) NOT NULL COMMENT '登录时间',
  `LOCATION` varchar(255) CHARACTER SET utf8 COLLATE utf8_general_ci DEFAULT NULL COMMENT '登录地点',
  `IP` varchar(100) CHARACTER SET utf8 COLLATE utf8_general_ci DEFAULT NULL COMMENT 'IP地址'
) ENGINE = InnoDB CHARACTER SET = utf8 COLLATE = utf8_general_ci ROW_FORMAT = Dynamic;

-- ----------------------------
-- Records of t_login_log
-- ----------------------------
INSERT INTO `t_login_log` VALUES ('fsb', '2019-01-12 03:18:33', '内网IP|0|0|内网IP|内网IP', '127.0.0.1');
INSERT INTO `t_login_log` VALUES ('fsb', '2019-01-10 03:18:33', '内网IP|0|0|内网IP|内网IP', '127.0.0.1');
INSERT INTO `t_login_log` VALUES ('fsb', '2019-01-09 03:18:33', '内网IP|0|0|内网IP|内网IP', '127.0.0.1');
INSERT INTO `t_login_log` VALUES ('fsb', '2019-01-11 03:18:33', '内网IP|0|0|内网IP|内网IP', '127.0.0.1');
INSERT INTO `t_login_log` VALUES ('fsb', '2019-01-12 04:23:45', '内网IP|0|0|内网IP|内网IP', '127.0.0.1');
INSERT INTO `t_login_log` VALUES ('fsb', '2019-01-15 03:31:18', '内网IP|0|0|内网IP|内网IP', '127.0.0.1');
INSERT INTO `t_login_log` VALUES ('fsb', '2019-01-15 03:36:28', '内网IP|0|0|内网IP|内网IP', '127.0.0.1');
INSERT INTO `t_login_log` VALUES ('fsb', '2019-01-15 06:05:36', '内网IP|0|0|内网IP|内网IP', '127.0.0.1');
INSERT INTO `t_login_log` VALUES ('fsb', '2019-01-15 08:44:39', '内网IP|0|0|内网IP|内网IP', '127.0.0.1');
INSERT INTO `t_login_log` VALUES ('fsb', '2019-01-15 09:02:42', '内网IP|0|0|内网IP|内网IP', '127.0.0.1');
INSERT INTO `t_login_log` VALUES ('scott', '2019-01-15 09:24:21', '内网IP|0|0|内网IP|内网IP', '127.0.0.1');
INSERT INTO `t_login_log` VALUES ('scott', '2019-01-15 09:25:16', '内网IP|0|0|内网IP|内网IP', '127.0.0.1');
INSERT INTO `t_login_log` VALUES ('fsb', '2019-01-15 10:14:20', '内网IP|0|0|内网IP|内网IP', '127.0.0.1');
INSERT INTO `t_login_log` VALUES ('scott', '2019-01-15 10:48:59', '内网IP|0|0|内网IP|内网IP', '127.0.0.1');
INSERT INTO `t_login_log` VALUES ('fsb', '2019-01-14 11:02:04', '内网IP|0|0|内网IP|内网IP', '127.0.0.1');
INSERT INTO `t_login_log` VALUES ('scott', '2019-01-13 11:02:04', '内网IP|0|0|内网IP|内网IP', '127.0.0.1');
INSERT INTO `t_login_log` VALUES ('fsb', '2019-01-15 11:02:04', '内网IP|0|0|内网IP|内网IP', '127.0.0.1');
INSERT INTO `t_login_log` VALUES ('fsb', '2019-01-16 01:20:24', '内网IP|0|0|内网IP|内网IP', '127.0.0.1');
INSERT INTO `t_login_log` VALUES ('fsb', '2019-01-16 02:25:47', '内网IP|0|0|内网IP|内网IP', '127.0.0.1');
INSERT INTO `t_login_log` VALUES ('fsb', '2019-01-16 03:25:11', '内网IP|0|0|内网IP|内网IP', '127.0.0.1');
INSERT INTO `t_login_log` VALUES ('fsb', '2019-01-16 03:44:23', '内网IP|0|0|内网IP|内网IP', '127.0.0.1');
INSERT INTO `t_login_log` VALUES ('fsb', '2019-01-16 05:44:05', '内网IP|0|0|内网IP|内网IP', '127.0.0.1');
INSERT INTO `t_login_log` VALUES ('fsb', '2019-01-16 05:51:12', '内网IP|0|0|内网IP|内网IP', '127.0.0.1');
INSERT INTO `t_login_log` VALUES ('scott', '2019-01-16 05:51:21', '内网IP|0|0|内网IP|内网IP', '127.0.0.1');
INSERT INTO `t_login_log` VALUES ('fsb', '2019-01-16 05:54:03', '内网IP|0|0|内网IP|内网IP', '127.0.0.1');
INSERT INTO `t_login_log` VALUES ('fsb', '2019-01-16 06:18:57', '内网IP|0|0|内网IP|内网IP', '127.0.0.1');
INSERT INTO `t_login_log` VALUES ('fsb', '2019-01-16 06:31:19', '内网IP|0|0|内网IP|内网IP', '127.0.0.1');
INSERT INTO `t_login_log` VALUES ('fsb', '2019-01-16 07:32:02', '内网IP|0|0|内网IP|内网IP', '127.0.0.1');
INSERT INTO `t_login_log` VALUES ('fsb', '2019-01-17 01:10:42', '内网IP|0|0|内网IP|内网IP', '127.0.0.1');
INSERT INTO `t_login_log` VALUES ('fsb', '2019-01-17 02:21:12', '内网IP|0|0|内网IP|内网IP', '127.0.0.1');
INSERT INTO `t_login_log` VALUES ('fsb', '2019-01-17 06:07:00', '内网IP|0|0|内网IP|内网IP', '127.0.0.1');
INSERT INTO `t_login_log` VALUES ('fsb', '2019-01-17 06:45:24', '内网IP|0|0|内网IP|内网IP', '127.0.0.1');
INSERT INTO `t_login_log` VALUES ('fsb', '2019-01-17 06:46:40', '内网IP|0|0|内网IP|内网IP', '127.0.0.1');
INSERT INTO `t_login_log` VALUES ('fsb', '2019-01-17 06:54:23', '内网IP|0|0|内网IP|内网IP', '127.0.0.1');
INSERT INTO `t_login_log` VALUES ('fsb', '2019-01-17 06:54:53', '内网IP|0|0|内网IP|内网IP', '127.0.0.1');
INSERT INTO `t_login_log` VALUES ('fsb', '2019-01-17 06:55:38', '内网IP|0|0|内网IP|内网IP', '127.0.0.1');
INSERT INTO `t_login_log` VALUES ('fsb', '2019-01-17 07:38:37', '内网IP|0|0|内网IP|内网IP', '127.0.0.1');
INSERT INTO `t_login_log` VALUES ('fsb', '2019-01-17 07:39:14', '内网IP|0|0|内网IP|内网IP', '127.0.0.1');
INSERT INTO `t_login_log` VALUES ('fsb', '2019-01-17 07:40:48', '内网IP|0|0|内网IP|内网IP', '127.0.0.1');
INSERT INTO `t_login_log` VALUES ('fsb', '2019-01-17 07:41:41', '内网IP|0|0|内网IP|内网IP', '127.0.0.1');
INSERT INTO `t_login_log` VALUES ('scott', '2019-01-17 07:42:53', '内网IP|0|0|内网IP|内网IP', '127.0.0.1');
INSERT INTO `t_login_log` VALUES ('scott', '2019-01-17 07:43:39', '内网IP|0|0|内网IP|内网IP', '127.0.0.1');
INSERT INTO `t_login_log` VALUES ('fsb', '2019-01-17 08:13:29', '内网IP|0|0|内网IP|内网IP', '127.0.0.1');
INSERT INTO `t_login_log` VALUES ('fsb', '2019-01-17 08:39:56', '内网IP|0|0|内网IP|内网IP', '127.0.0.1');
INSERT INTO `t_login_log` VALUES ('fsb', '2019-01-17 09:26:19', '内网IP|0|0|内网IP|内网IP', '127.0.0.1');
INSERT INTO `t_login_log` VALUES ('fsb', '2019-01-17 09:26:58', '内网IP|0|0|内网IP|内网IP', '127.0.0.1');
INSERT INTO `t_login_log` VALUES ('fsb', '2019-01-17 09:30:15', '内网IP|0|0|内网IP|内网IP', '127.0.0.1');
INSERT INTO `t_login_log` VALUES ('fsbd', '2019-01-17 10:31:40', '内网IP|0|0|内网IP|内网IP', '127.0.0.1');
INSERT INTO `t_login_log` VALUES ('jack', '2019-01-17 10:41:14', '内网IP|0|0|内网IP|内网IP', '127.0.0.1');
INSERT INTO `t_login_log` VALUES ('abcd', '2019-01-17 10:47:48', '内网IP|0|0|内网IP|内网IP', '127.0.0.1');
INSERT INTO `t_login_log` VALUES ('abcd', '2019-01-17 10:48:06', '内网IP|0|0|内网IP|内网IP', '127.0.0.1');
INSERT INTO `t_login_log` VALUES ('abcd', '2019-01-17 10:48:44', '内网IP|0|0|内网IP|内网IP', '127.0.0.1');
INSERT INTO `t_login_log` VALUES ('abcd', '2019-01-17 10:51:35', '内网IP|0|0|内网IP|内网IP', '127.0.0.1');
INSERT INTO `t_login_log` VALUES ('wuyouzhugu', '2019-01-17 10:54:56', '内网IP|0|0|内网IP|内网IP', '127.0.0.1');
INSERT INTO `t_login_log` VALUES ('fsb', '2019-01-17 10:56:53', '内网IP|0|0|内网IP|内网IP', '127.0.0.1');
INSERT INTO `t_login_log` VALUES ('fsb', '2019-01-17 10:59:15', '内网IP|0|0|内网IP|内网IP', '127.0.0.1');
INSERT INTO `t_login_log` VALUES ('fsb', '2019-01-17 10:59:53', '内网IP|0|0|内网IP|内网IP', '127.0.0.1');
INSERT INTO `t_login_log` VALUES ('fsb', '2019-01-17 11:01:54', '内网IP|0|0|内网IP|内网IP', '127.0.0.1');
INSERT INTO `t_login_log` VALUES ('fsb', '2019-01-17 11:08:43', '内网IP|0|0|内网IP|内网IP', '127.0.0.1');
INSERT INTO `t_login_log` VALUES ('fsb', '2019-01-17 11:12:55', '内网IP|0|0|内网IP|内网IP', '127.0.0.1');
INSERT INTO `t_login_log` VALUES ('fsb', '2019-01-17 11:13:21', '内网IP|0|0|内网IP|内网IP', '127.0.0.1');
INSERT INTO `t_login_log` VALUES ('fsb', '2019-01-18 00:56:15', '内网IP|0|0|内网IP|内网IP', '127.0.0.1');
INSERT INTO `t_login_log` VALUES ('fsb', '2019-01-18 01:21:54', '内网IP|0|0|内网IP|内网IP', '127.0.0.1');
INSERT INTO `t_login_log` VALUES ('fsb', '2019-01-18 01:33:06', '内网IP|0|0|内网IP|内网IP', '127.0.0.1');
INSERT INTO `t_login_log` VALUES ('fsb', '2019-01-18 02:03:32', '内网IP|0|0|内网IP|内网IP', '127.0.0.1');
INSERT INTO `t_login_log` VALUES ('fsb', '2019-01-18 02:27:12', '内网IP|0|0|内网IP|内网IP', '127.0.0.1');
INSERT INTO `t_login_log` VALUES ('fsb', '2019-01-18 02:36:26', '内网IP|0|0|内网IP|内网IP', '127.0.0.1');
INSERT INTO `t_login_log` VALUES ('fsb', '2019-01-18 02:41:49', '内网IP|0|0|内网IP|内网IP', '127.0.0.1');
INSERT INTO `t_login_log` VALUES ('fsb', '2019-01-18 02:53:12', '内网IP|0|0|内网IP|内网IP', '127.0.0.1');
INSERT INTO `t_login_log` VALUES ('fsb', '2019-01-18 02:56:00', '内网IP|0|0|内网IP|内网IP', '127.0.0.1');
INSERT INTO `t_login_log` VALUES ('fsb', '2019-01-18 03:00:35', '内网IP|0|0|内网IP|内网IP', '127.0.0.1');
INSERT INTO `t_login_log` VALUES ('fsb', '2019-01-18 05:36:02', '内网IP|0|0|内网IP|内网IP', '127.0.0.1');
INSERT INTO `t_login_log` VALUES ('fsb', '2019-01-18 05:57:39', '内网IP|0|0|内网IP|内网IP', '127.0.0.1');
INSERT INTO `t_login_log` VALUES ('fsb', '2019-01-18 06:50:27', '内网IP|0|0|内网IP|内网IP', '127.0.0.1');
INSERT INTO `t_login_log` VALUES ('fsb', '2019-01-18 07:09:37', '内网IP|0|0|内网IP|内网IP', '127.0.0.1');
INSERT INTO `t_login_log` VALUES ('fsb', '2019-01-18 08:57:02', '内网IP|0|0|内网IP|内网IP', '127.0.0.1');
INSERT INTO `t_login_log` VALUES ('fsb', '2019-01-18 09:00:06', '内网IP|0|0|内网IP|内网IP', '127.0.0.1');
INSERT INTO `t_login_log` VALUES ('fsb', '2019-01-19 01:13:17', '内网IP|0|0|内网IP|内网IP', '127.0.0.1');
INSERT INTO `t_login_log` VALUES ('fsb', '2019-01-19 01:14:42', '内网IP|0|0|内网IP|内网IP', '127.0.0.1');
INSERT INTO `t_login_log` VALUES ('fsb', '2019-01-19 01:50:38', '内网IP|0|0|内网IP|内网IP', '127.0.0.1');
INSERT INTO `t_login_log` VALUES ('fsb', '2019-01-19 02:05:44', '内网IP|0|0|内网IP|内网IP', '127.0.0.1');
INSERT INTO `t_login_log` VALUES ('fsb', '2019-01-19 02:06:52', '内网IP|0|0|内网IP|内网IP', '127.0.0.1');
INSERT INTO `t_login_log` VALUES ('fsb', '2019-01-19 02:11:47', '内网IP|0|0|内网IP|内网IP', '127.0.0.1');
INSERT INTO `t_login_log` VALUES ('fsb', '2019-01-19 02:12:13', '内网IP|0|0|内网IP|内网IP', '127.0.0.1');
INSERT INTO `t_login_log` VALUES ('fsb', '2019-01-19 02:12:27', '内网IP|0|0|内网IP|内网IP', '127.0.0.1');
INSERT INTO `t_login_log` VALUES ('fsb', '2019-01-19 02:33:21', '内网IP|0|0|内网IP|内网IP', '127.0.0.1');
INSERT INTO `t_login_log` VALUES ('fsb', '2019-01-19 02:40:19', '内网IP|0|0|内网IP|内网IP', '127.0.0.1');
INSERT INTO `t_login_log` VALUES ('fsb', '2019-01-21 03:05:20', '内网IP|0|0|内网IP|内网IP', '127.0.0.1');
INSERT INTO `t_login_log` VALUES ('fsb', '2019-01-21 03:16:03', '内网IP|0|0|内网IP|内网IP', '127.0.0.1');
INSERT INTO `t_login_log` VALUES ('fsb', '2019-01-21 05:43:32', '内网IP|0|0|内网IP|内网IP', '127.0.0.1');
INSERT INTO `t_login_log` VALUES ('fsb', '2019-01-21 05:44:20', '内网IP|0|0|内网IP|内网IP', '127.0.0.1');
INSERT INTO `t_login_log` VALUES ('fsb', '2019-01-21 06:47:04', '内网IP|0|0|内网IP|内网IP', '127.0.0.1');
INSERT INTO `t_login_log` VALUES ('fsb', '2019-01-21 06:49:51', '内网IP|0|0|内网IP|内网IP', '127.0.0.1');
INSERT INTO `t_login_log` VALUES ('fsb', '2019-01-21 07:48:30', '内网IP|0|0|内网IP|内网IP', '127.0.0.1');
INSERT INTO `t_login_log` VALUES ('fsb', '2019-01-21 07:50:34', '内网IP|0|0|内网IP|内网IP', '127.0.0.1');
INSERT INTO `t_login_log` VALUES ('fsb', '2019-01-21 07:55:22', '内网IP|0|0|内网IP|内网IP', '127.0.0.1');
INSERT INTO `t_login_log` VALUES ('fsb', '2019-01-21 07:57:39', '内网IP|0|0|内网IP|内网IP', '127.0.0.1');
INSERT INTO `t_login_log` VALUES ('fsb', '2019-01-21 08:35:07', '内网IP|0|0|内网IP|内网IP', '127.0.0.1');
INSERT INTO `t_login_log` VALUES ('fsb', '2019-01-21 08:58:37', '内网IP|0|0|内网IP|内网IP', '127.0.0.1');
INSERT INTO `t_login_log` VALUES ('fsb', '2019-01-21 11:05:26', '内网IP|0|0|内网IP|内网IP', '127.0.0.1');
INSERT INTO `t_login_log` VALUES ('fsb', '2019-01-22 00:47:44', '内网IP|0|0|内网IP|内网IP', '127.0.0.1');
INSERT INTO `t_login_log` VALUES ('fsb', '2019-01-22 01:02:23', '内网IP|0|0|内网IP|内网IP', '127.0.0.1');
INSERT INTO `t_login_log` VALUES ('fsb', '2019-01-22 01:38:19', '内网IP|0|0|内网IP|内网IP', '127.0.0.1');
INSERT INTO `t_login_log` VALUES ('fsb', '2019-01-22 02:39:18', '内网IP|0|0|内网IP|内网IP', '127.0.0.1');
INSERT INTO `t_login_log` VALUES ('fsb', '2019-01-22 05:39:47', '内网IP|0|0|内网IP|内网IP', '127.0.0.1');
INSERT INTO `t_login_log` VALUES ('fsb', '2019-01-22 05:44:25', '内网IP|0|0|内网IP|内网IP', '127.0.0.1');
INSERT INTO `t_login_log` VALUES ('fsb', '2019-01-22 06:04:18', '内网IP|0|0|内网IP|内网IP', '127.0.0.1');
INSERT INTO `t_login_log` VALUES ('fsb', '2019-01-22 06:04:34', '内网IP|0|0|内网IP|内网IP', '127.0.0.1');
INSERT INTO `t_login_log` VALUES ('fsb', '2019-01-22 06:13:00', '内网IP|0|0|内网IP|内网IP', '127.0.0.1');
INSERT INTO `t_login_log` VALUES ('fsb', '2019-01-22 06:13:17', '内网IP|0|0|内网IP|内网IP', '127.0.0.1');
INSERT INTO `t_login_log` VALUES ('scott', '2019-01-22 06:13:43', '内网IP|0|0|内网IP|内网IP', '127.0.0.1');
INSERT INTO `t_login_log` VALUES ('scott', '2019-01-22 06:14:41', '内网IP|0|0|内网IP|内网IP', '127.0.0.1');
INSERT INTO `t_login_log` VALUES ('scott', '2019-01-22 06:15:10', '内网IP|0|0|内网IP|内网IP', '127.0.0.1');
INSERT INTO `t_login_log` VALUES ('hello', '2019-01-22 06:15:48', '内网IP|0|0|内网IP|内网IP', '127.0.0.1');
INSERT INTO `t_login_log` VALUES ('hello', '2019-01-22 06:17:19', '内网IP|0|0|内网IP|内网IP', '127.0.0.1');
INSERT INTO `t_login_log` VALUES ('hello', '2019-01-22 06:18:39', '内网IP|0|0|内网IP|内网IP', '127.0.0.1');
INSERT INTO `t_login_log` VALUES ('fsb', '2019-01-22 06:19:03', '内网IP|0|0|内网IP|内网IP', '127.0.0.1');
INSERT INTO `t_login_log` VALUES ('fsb', '2019-01-22 06:20:48', '内网IP|0|0|内网IP|内网IP', '127.0.0.1');
INSERT INTO `t_login_log` VALUES ('fsb', '2019-01-22 07:04:26', '内网IP|0|0|内网IP|内网IP', '127.0.0.1');
INSERT INTO `t_login_log` VALUES ('fsb', '2019-01-22 07:06:07', '内网IP|0|0|内网IP|内网IP', '127.0.0.1');
INSERT INTO `t_login_log` VALUES ('fsb', '2019-01-22 07:06:57', '内网IP|0|0|内网IP|内网IP', '127.0.0.1');
INSERT INTO `t_login_log` VALUES ('fsb', '2019-01-22 08:37:28', '内网IP|0|0|内网IP|内网IP', '127.0.0.1');
INSERT INTO `t_login_log` VALUES ('fsb', '2019-01-22 10:29:50', '内网IP|0|0|内网IP|内网IP', '127.0.0.1');
INSERT INTO `t_login_log` VALUES ('fsb', '2019-01-23 00:50:47', '内网IP|0|0|内网IP|内网IP', '127.0.0.1');
INSERT INTO `t_login_log` VALUES ('fsb', '2019-01-23 01:51:42', '内网IP|0|0|内网IP|内网IP', '127.0.0.1');
INSERT INTO `t_login_log` VALUES ('fsb', '2019-01-23 02:58:49', '内网IP|0|0|内网IP|内网IP', '127.0.0.1');
INSERT INTO `t_login_log` VALUES ('fsb', '2019-01-23 06:11:14', '内网IP|0|0|内网IP|内网IP', '127.0.0.1');
INSERT INTO `t_login_log` VALUES ('scott', '2019-01-23 06:46:30', '内网IP|0|0|内网IP|内网IP', '127.0.0.1');
INSERT INTO `t_login_log` VALUES ('fsb', '2019-01-23 06:48:25', '内网IP|0|0|内网IP|内网IP', '127.0.0.1');
INSERT INTO `t_login_log` VALUES ('scott', '2019-01-23 06:51:20', '内网IP|0|0|内网IP|内网IP', '127.0.0.1');
INSERT INTO `t_login_log` VALUES ('fsb', '2019-01-23 07:30:25', '内网IP|0|0|内网IP|内网IP', '127.0.0.1');
INSERT INTO `t_login_log` VALUES ('scott', '2019-01-23 07:34:28', '内网IP|0|0|内网IP|内网IP', '127.0.0.1');
INSERT INTO `t_login_log` VALUES ('jack', '2019-01-23 07:35:56', '内网IP|0|0|内网IP|内网IP', '127.0.0.1');
INSERT INTO `t_login_log` VALUES ('fsb', '2019-01-23 07:36:46', '内网IP|0|0|内网IP|内网IP', '127.0.0.1');
INSERT INTO `t_login_log` VALUES ('fsb', '2019-01-24 01:30:13', '中国|华东|福建省|福州市|联通', '218.104.237.213');
INSERT INTO `t_login_log` VALUES ('fsb', '2019-01-24 01:42:03', '中国|华东|福建省|福州市|联通', '218.104.237.213');
INSERT INTO `t_login_log` VALUES ('fsb', '2019-01-24 01:48:10', '中国|华东|福建省|福州市|联通', '218.104.237.213');
INSERT INTO `t_login_log` VALUES ('fsb', '2019-01-24 01:50:12', '中国|华东|福建省|福州市|联通', '218.104.237.213');
INSERT INTO `t_login_log` VALUES ('fsb', '2019-01-24 01:50:28', '中国|华东|福建省|福州市|联通', '218.104.237.213');
INSERT INTO `t_login_log` VALUES ('fsb', '2019-01-24 02:57:48', '中国|华东|福建省|福州市|联通', '218.104.237.213');
INSERT INTO `t_login_log` VALUES ('fsb', '2019-01-24 03:02:53', '中国|华东|福建省|福州市|联通', '218.104.237.213');
INSERT INTO `t_login_log` VALUES ('scott', '2019-01-24 03:14:51', '中国|华东|福建省|厦门市|电信', '120.36.172.239');
INSERT INTO `t_login_log` VALUES ('fsb', '2019-01-24 03:41:10', '中国|华东|福建省|福州市|联通', '218.104.237.213');
INSERT INTO `t_login_log` VALUES ('fsb', '2019-01-24 05:38:30', '中国|华东|福建省|福州市|联通', '218.104.237.213');
INSERT INTO `t_login_log` VALUES ('fsb', '2019-01-24 08:50:44', '中国|华东|福建省|福州市|联通', '218.104.237.213');
INSERT INTO `t_login_log` VALUES ('jack', '2019-01-24 08:52:03', '中国|华东|福建省|福州市|联通', '218.104.237.213');
INSERT INTO `t_login_log` VALUES ('scott', '2019-01-24 08:52:31', '中国|华东|福建省|福州市|联通', '218.104.237.213');
INSERT INTO `t_login_log` VALUES ('fsb', '2019-01-24 11:12:33', '中国|华东|福建省|福州市|联通', '218.104.237.213');
INSERT INTO `t_login_log` VALUES ('scott', '2019-01-24 11:24:04', '中国|华东|福建省|福州市|联通', '218.104.237.213');
INSERT INTO `t_login_log` VALUES ('fsb', '2019-01-24 11:47:56', '中国|华东|福建省|福州市|电信', '27.155.195.27');
INSERT INTO `t_login_log` VALUES ('scott', '2019-01-24 11:48:28', '中国|华东|福建省|福州市|电信', '27.155.195.27');
INSERT INTO `t_login_log` VALUES ('fsb', '2019-01-28 01:53:06', '中国|华东|福建省|福州市|联通', '218.104.237.213');
INSERT INTO `t_login_log` VALUES ('fsb', '2019-01-28 01:53:58', '中国|华东|福建省|福州市|联通', '218.104.237.213');
INSERT INTO `t_login_log` VALUES ('scott', '2019-01-28 01:54:09', '中国|华东|福建省|福州市|联通', '218.104.237.213');
INSERT INTO `t_login_log` VALUES ('fsb', '2019-08-22 03:13:13', '内网IP|0|0|内网IP|内网IP', '127.0.0.1');
INSERT INTO `t_login_log` VALUES ('fsb', '2019-08-22 03:17:20', '内网IP|0|0|内网IP|内网IP', '127.0.0.1');
INSERT INTO `t_login_log` VALUES ('fsb', '2019-08-22 05:50:39', '内网IP|0|0|内网IP|内网IP', '127.0.0.1');
INSERT INTO `t_login_log` VALUES ('fsb', '2019-08-22 05:57:10', '内网IP|0|0|内网IP|内网IP', '127.0.0.1');
INSERT INTO `t_login_log` VALUES ('test', '2019-08-22 06:20:20', '内网IP|0|0|内网IP|内网IP', '127.0.0.1');
INSERT INTO `t_login_log` VALUES ('admin', '2019-08-22 06:25:00', '内网IP|0|0|内网IP|内网IP', '127.0.0.1');
INSERT INTO `t_login_log` VALUES ('admin', '2019-08-22 06:42:38', '内网IP|0|0|内网IP|内网IP', '127.0.0.1');
INSERT INTO `t_login_log` VALUES ('admin', '2019-08-22 08:05:20', '内网IP|0|0|内网IP|内网IP', '127.0.0.1');
INSERT INTO `t_login_log` VALUES ('admin', '2019-08-22 08:42:06', '内网IP|0|0|内网IP|内网IP', '127.0.0.1');
INSERT INTO `t_login_log` VALUES ('admin', '2019-08-22 13:45:36', '内网IP|0|0|内网IP|内网IP', '127.0.0.1');

-- ----------------------------
-- Table structure for t_menu
-- ----------------------------
DROP TABLE IF EXISTS `t_menu`;
CREATE TABLE `t_menu`  (
  `MENU_ID` bigint(20) NOT NULL AUTO_INCREMENT COMMENT '菜单/按钮ID',
  `PARENT_ID` bigint(20) NOT NULL COMMENT '上级菜单ID',
  `MENU_NAME` varchar(50) CHARACTER SET utf8 COLLATE utf8_general_ci NOT NULL COMMENT '菜单/按钮名称',
  `PATH` varchar(255) CHARACTER SET utf8 COLLATE utf8_general_ci DEFAULT NULL COMMENT '对应路由path',
  `COMPONENT` varchar(255) CHARACTER SET utf8 COLLATE utf8_general_ci DEFAULT NULL COMMENT '对应路由组件component',
  `PERMS` varchar(50) CHARACTER SET utf8 COLLATE utf8_general_ci DEFAULT NULL COMMENT '权限标识',
  `ICON` varchar(50) CHARACTER SET utf8 COLLATE utf8_general_ci DEFAULT NULL COMMENT '图标',
  `TYPE` char(2) CHARACTER SET utf8 COLLATE utf8_general_ci NOT NULL COMMENT '类型 0菜单 1按钮',
  `ORDER_NUM` double(20, 0) DEFAULT NULL COMMENT '排序',
  `CREATE_TIME` datetime(0) NOT NULL COMMENT '创建时间',
  `MODIFY_TIME` datetime(0) DEFAULT NULL COMMENT '修改时间',
  PRIMARY KEY (`MENU_ID`) USING BTREE
) ENGINE = InnoDB AUTO_INCREMENT = 139 CHARACTER SET = utf8 COLLATE = utf8_general_ci ROW_FORMAT = Dynamic;

-- ----------------------------
-- Records of t_menu
-- ----------------------------
INSERT INTO `t_menu` VALUES (1, 0, '系统管理', '/system', 'PageView', NULL, 'appstore-o', '0', 1, '2017-12-27 16:39:07', '2019-01-05 11:13:14');
INSERT INTO `t_menu` VALUES (2, 0, '系统监控', '/monitor', 'PageView', NULL, 'dashboard', '0', 2, '2017-12-27 16:45:51', '2019-01-23 06:27:12');
INSERT INTO `t_menu` VALUES (3, 1, '用户管理', '/system/user', 'system/user/User', 'user:view', '', '0', 1, '2017-12-27 16:47:13', '2019-01-22 06:45:55');
INSERT INTO `t_menu` VALUES (4, 1, '角色管理', '/system/role', 'system/role/Role', 'role:view', '', '0', 2, '2017-12-27 16:48:09', '2018-04-25 09:01:12');
INSERT INTO `t_menu` VALUES (5, 1, '菜单管理', '/system/menu', 'system/menu/Menu', 'menu:view', '', '0', 3, '2017-12-27 16:48:57', '2018-04-25 09:01:30');
INSERT INTO `t_menu` VALUES (6, 1, '部门管理', '/system/dept', 'system/dept/Dept', 'dept:view', '', '0', 4, '2017-12-27 16:57:33', '2018-04-25 09:01:40');
INSERT INTO `t_menu` VALUES (8, 2, '在线用户', '/monitor/online', 'monitor/Online', 'user:online', '', '0', 1, '2017-12-27 16:59:33', '2018-04-25 09:02:04');
INSERT INTO `t_menu` VALUES (10, 2, '系统日志', '/monitor/systemlog', 'monitor/SystemLog', 'log:view', '', '0', 2, '2017-12-27 17:00:50', '2018-04-25 09:02:18');
INSERT INTO `t_menu` VALUES (11, 3, '新增用户', '', '', 'user:add', NULL, '1', NULL, '2017-12-27 17:02:58', NULL);
INSERT INTO `t_menu` VALUES (12, 3, '修改用户', '', '', 'user:update', NULL, '1', NULL, '2017-12-27 17:04:07', NULL);
INSERT INTO `t_menu` VALUES (13, 3, '删除用户', '', '', 'user:delete', NULL, '1', NULL, '2017-12-27 17:04:58', NULL);
INSERT INTO `t_menu` VALUES (14, 4, '新增角色', '', '', 'role:add', NULL, '1', NULL, '2017-12-27 17:06:38', NULL);
INSERT INTO `t_menu` VALUES (15, 4, '修改角色', '', '', 'role:update', NULL, '1', NULL, '2017-12-27 17:06:38', NULL);
INSERT INTO `t_menu` VALUES (16, 4, '删除角色', '', '', 'role:delete', NULL, '1', NULL, '2017-12-27 17:06:38', NULL);
INSERT INTO `t_menu` VALUES (17, 5, '新增菜单', '', '', 'menu:add', NULL, '1', NULL, '2017-12-27 17:08:02', NULL);
INSERT INTO `t_menu` VALUES (18, 5, '修改菜单', '', '', 'menu:update', NULL, '1', NULL, '2017-12-27 17:08:02', NULL);
INSERT INTO `t_menu` VALUES (19, 5, '删除菜单', '', '', 'menu:delete', NULL, '1', NULL, '2017-12-27 17:08:02', NULL);
INSERT INTO `t_menu` VALUES (20, 6, '新增部门', '', '', 'dept:add', NULL, '1', NULL, '2017-12-27 17:09:24', NULL);
INSERT INTO `t_menu` VALUES (21, 6, '修改部门', '', '', 'dept:update', NULL, '1', NULL, '2017-12-27 17:09:24', NULL);
INSERT INTO `t_menu` VALUES (22, 6, '删除部门', '', '', 'dept:delete', NULL, '1', NULL, '2017-12-27 17:09:24', NULL);
INSERT INTO `t_menu` VALUES (23, 8, '踢出用户', '', '', 'user:kickout', NULL, '1', NULL, '2017-12-27 17:11:13', NULL);
INSERT INTO `t_menu` VALUES (24, 10, '删除日志', '', '', 'log:delete', NULL, '1', NULL, '2017-12-27 17:11:45', NULL);
INSERT INTO `t_menu` VALUES (58, 0, '网络资源', '/web', 'PageView', NULL, 'compass', '0', 4, '2018-01-12 15:28:48', '2018-01-22 19:49:26');
INSERT INTO `t_menu` VALUES (59, 58, '天气查询', '/web/weather', 'web/Weather', 'weather:view', '', '0', 1, '2018-01-12 15:40:02', '2019-01-22 05:43:19');
INSERT INTO `t_menu` VALUES (61, 58, '每日一文', '/web/dailyArticle', 'web/DailyArticle', 'article:view', '', '0', 2, '2018-01-15 17:17:14', '2019-01-22 05:43:27');
INSERT INTO `t_menu` VALUES (64, 1, '字典管理', '/system/dict', 'system/dict/Dict', 'dict:view', '', '0', 5, '2018-01-18 10:38:25', '2018-04-25 09:01:50');
INSERT INTO `t_menu` VALUES (65, 64, '新增字典', '', '', 'dict:add', NULL, '1', NULL, '2018-01-18 19:10:08', NULL);
INSERT INTO `t_menu` VALUES (66, 64, '修改字典', '', '', 'dict:update', NULL, '1', NULL, '2018-01-18 19:10:27', NULL);
INSERT INTO `t_menu` VALUES (67, 64, '删除字典', '', '', 'dict:delete', NULL, '1', NULL, '2018-01-18 19:10:47', NULL);
INSERT INTO `t_menu` VALUES (81, 58, '影视资讯', '/web/movie', 'EmptyPageView', NULL, NULL, '0', 3, '2018-01-22 14:12:59', '2019-01-22 05:43:35');
INSERT INTO `t_menu` VALUES (82, 81, '正在热映', '/web/movie/hot', 'web/MovieHot', 'movie:hot', '', '0', 1, '2018-01-22 14:13:47', '2019-01-22 05:43:52');
INSERT INTO `t_menu` VALUES (83, 81, '即将上映', '/web/movie/coming', 'web/MovieComing', 'movie:coming', '', '0', 2, '2018-01-22 14:14:36', '2019-01-22 05:43:58');
INSERT INTO `t_menu` VALUES (101, 0, '任务调度', '/job', 'PageView', NULL, 'clock-circle-o', '0', 3, '2018-01-11 15:52:57', NULL);
INSERT INTO `t_menu` VALUES (102, 101, '定时任务', '/job/job', 'quartz/job/Job', 'job:view', '', '0', 1, '2018-02-24 15:53:53', '2019-01-22 05:42:50');
INSERT INTO `t_menu` VALUES (103, 102, '新增任务', '', '', 'job:add', NULL, '1', NULL, '2018-02-24 15:55:10', NULL);
INSERT INTO `t_menu` VALUES (104, 102, '修改任务', '', '', 'job:update', NULL, '1', NULL, '2018-02-24 15:55:53', NULL);
INSERT INTO `t_menu` VALUES (105, 102, '删除任务', '', '', 'job:delete', NULL, '1', NULL, '2018-02-24 15:56:18', NULL);
INSERT INTO `t_menu` VALUES (106, 102, '暂停任务', '', '', 'job:pause', NULL, '1', NULL, '2018-02-24 15:57:08', NULL);
INSERT INTO `t_menu` VALUES (107, 102, '恢复任务', '', '', 'job:resume', NULL, '1', NULL, '2018-02-24 15:58:21', NULL);
INSERT INTO `t_menu` VALUES (108, 102, '立即执行任务', '', '', 'job:run', NULL, '1', NULL, '2018-02-24 15:59:45', NULL);
INSERT INTO `t_menu` VALUES (109, 101, '调度日志', '/job/log', 'quartz/log/JobLog', 'jobLog:view', '', '0', 2, '2018-02-24 16:00:45', '2019-01-22 05:42:59');
INSERT INTO `t_menu` VALUES (110, 109, '删除日志', '', '', 'jobLog:delete', NULL, '1', NULL, '2018-02-24 16:01:21', NULL);
INSERT INTO `t_menu` VALUES (113, 2, 'Redis监控', '/monitor/redis/info', 'monitor/RedisInfo', 'redis:view', '', '0', 3, '2018-06-28 14:29:42', NULL);
INSERT INTO `t_menu` VALUES (121, 2, '请求追踪', '/monitor/httptrace', 'monitor/Httptrace', NULL, NULL, '0', 4, '2019-01-18 02:30:29', NULL);
INSERT INTO `t_menu` VALUES (122, 2, '系统信息', '/monitor/system', 'EmptyPageView', NULL, NULL, '0', 5, '2019-01-18 02:31:48', '2019-01-18 02:39:46');
INSERT INTO `t_menu` VALUES (123, 122, 'Tomcat信息', '/monitor/system/tomcatinfo', 'monitor/TomcatInfo', NULL, NULL, '0', 2, '2019-01-18 02:32:53', '2019-01-18 02:46:57');
INSERT INTO `t_menu` VALUES (124, 122, 'JVM信息', '/monitor/system/jvminfo', 'monitor/JvmInfo', NULL, NULL, '0', 1, '2019-01-18 02:33:30', '2019-01-18 02:46:51');
INSERT INTO `t_menu` VALUES (127, 122, '服务器信息', '/monitor/system/info', 'monitor/SystemInfo', NULL, NULL, '0', 3, '2019-01-21 07:53:43', '2019-01-21 07:57:00');
INSERT INTO `t_menu` VALUES (128, 0, '其他模块', '/others', 'PageView', NULL, 'coffee', '0', 5, '2019-01-22 06:49:59', '2019-01-22 06:50:13');
INSERT INTO `t_menu` VALUES (129, 128, '导入导出', '/others/excel', 'others/Excel', NULL, NULL, '0', 1, '2019-01-22 06:51:36', '2019-01-22 07:06:45');
INSERT INTO `t_menu` VALUES (130, 3, '导出Excel', NULL, NULL, 'user:export', NULL, '1', NULL, '2019-01-23 06:35:16', NULL);
INSERT INTO `t_menu` VALUES (131, 4, '导出Excel', NULL, NULL, 'role:export', NULL, '1', NULL, '2019-01-23 06:35:36', NULL);
INSERT INTO `t_menu` VALUES (132, 5, '导出Excel', NULL, NULL, 'menu:export', NULL, '1', NULL, '2019-01-23 06:36:05', NULL);
INSERT INTO `t_menu` VALUES (133, 6, '导出Excel', NULL, NULL, 'dept:export', NULL, '1', NULL, '2019-01-23 06:36:25', NULL);
INSERT INTO `t_menu` VALUES (134, 64, '导出Excel', NULL, NULL, 'dict:export', NULL, '1', NULL, '2019-01-23 06:36:43', NULL);
INSERT INTO `t_menu` VALUES (135, 3, '密码重置', NULL, NULL, 'user:reset', NULL, '1', NULL, '2019-01-23 06:37:00', NULL);
INSERT INTO `t_menu` VALUES (136, 10, '导出Excel', NULL, NULL, 'log:export', NULL, '1', NULL, '2019-01-23 06:37:27', NULL);
INSERT INTO `t_menu` VALUES (137, 102, '导出Excel', NULL, NULL, 'job:export', NULL, '1', NULL, '2019-01-23 06:37:59', NULL);
INSERT INTO `t_menu` VALUES (138, 109, '导出Excel', NULL, NULL, 'jobLog:export', NULL, '1', NULL, '2019-01-23 06:38:32', NULL);

-- ----------------------------
-- Table structure for t_role
-- ----------------------------
DROP TABLE IF EXISTS `t_role`;
CREATE TABLE `t_role`  (
  `ROLE_ID` bigint(20) NOT NULL AUTO_INCREMENT COMMENT '角色ID',
  `ROLE_NAME` varchar(10) CHARACTER SET utf8 COLLATE utf8_general_ci NOT NULL COMMENT '角色名称',
  `REMARK` varchar(100) CHARACTER SET utf8 COLLATE utf8_general_ci DEFAULT NULL COMMENT '角色描述',
  `CREATE_TIME` datetime(0) NOT NULL COMMENT '创建时间',
  `MODIFY_TIME` datetime(0) DEFAULT NULL COMMENT '修改时间',
  PRIMARY KEY (`ROLE_ID`) USING BTREE
) ENGINE = InnoDB AUTO_INCREMENT = 74 CHARACTER SET = utf8 COLLATE = utf8_general_ci ROW_FORMAT = Dynamic;

-- ----------------------------
-- Records of t_role
-- ----------------------------
INSERT INTO `t_role` VALUES (1, '管理员', '管理员', '2017-12-27 16:23:11', '2019-01-23 06:45:29');
INSERT INTO `t_role` VALUES (2, '注册用户', '可查看，新增，导出', '2019-01-04 14:11:28', '2019-01-23 07:37:08');
INSERT INTO `t_role` VALUES (72, '普通用户', '只可查看，好可怜哦', '2019-01-23 07:33:20', NULL);

-- ----------------------------
-- Table structure for t_role_menu
-- ----------------------------
DROP TABLE IF EXISTS `t_role_menu`;
CREATE TABLE `t_role_menu`  (
  `ROLE_ID` bigint(20) NOT NULL,
  `MENU_ID` bigint(20) NOT NULL
) ENGINE = InnoDB CHARACTER SET = utf8 COLLATE = utf8_general_ci ROW_FORMAT = Dynamic;

-- ----------------------------
-- Records of t_role_menu
-- ----------------------------
INSERT INTO `t_role_menu` VALUES (1, 1);
INSERT INTO `t_role_menu` VALUES (1, 3);
INSERT INTO `t_role_menu` VALUES (1, 11);
INSERT INTO `t_role_menu` VALUES (1, 12);
INSERT INTO `t_role_menu` VALUES (1, 13);
INSERT INTO `t_role_menu` VALUES (1, 4);
INSERT INTO `t_role_menu` VALUES (1, 14);
INSERT INTO `t_role_menu` VALUES (1, 15);
INSERT INTO `t_role_menu` VALUES (1, 16);
INSERT INTO `t_role_menu` VALUES (1, 5);
INSERT INTO `t_role_menu` VALUES (1, 17);
INSERT INTO `t_role_menu` VALUES (1, 18);
INSERT INTO `t_role_menu` VALUES (1, 19);
INSERT INTO `t_role_menu` VALUES (1, 6);
INSERT INTO `t_role_menu` VALUES (1, 20);
INSERT INTO `t_role_menu` VALUES (1, 21);
INSERT INTO `t_role_menu` VALUES (1, 22);
INSERT INTO `t_role_menu` VALUES (1, 64);
INSERT INTO `t_role_menu` VALUES (1, 65);
INSERT INTO `t_role_menu` VALUES (1, 66);
INSERT INTO `t_role_menu` VALUES (1, 67);
INSERT INTO `t_role_menu` VALUES (1, 2);
INSERT INTO `t_role_menu` VALUES (1, 8);
INSERT INTO `t_role_menu` VALUES (1, 23);
INSERT INTO `t_role_menu` VALUES (1, 10);
INSERT INTO `t_role_menu` VALUES (1, 24);
INSERT INTO `t_role_menu` VALUES (1, 113);
INSERT INTO `t_role_menu` VALUES (1, 121);
INSERT INTO `t_role_menu` VALUES (1, 122);
INSERT INTO `t_role_menu` VALUES (1, 124);
INSERT INTO `t_role_menu` VALUES (1, 123);
INSERT INTO `t_role_menu` VALUES (1, 125);
INSERT INTO `t_role_menu` VALUES (1, 101);
INSERT INTO `t_role_menu` VALUES (1, 102);
INSERT INTO `t_role_menu` VALUES (1, 103);
INSERT INTO `t_role_menu` VALUES (1, 104);
INSERT INTO `t_role_menu` VALUES (1, 105);
INSERT INTO `t_role_menu` VALUES (1, 106);
INSERT INTO `t_role_menu` VALUES (1, 107);
INSERT INTO `t_role_menu` VALUES (1, 108);
INSERT INTO `t_role_menu` VALUES (1, 109);
INSERT INTO `t_role_menu` VALUES (1, 110);
INSERT INTO `t_role_menu` VALUES (1, 58);
INSERT INTO `t_role_menu` VALUES (1, 59);
INSERT INTO `t_role_menu` VALUES (1, 61);
INSERT INTO `t_role_menu` VALUES (1, 81);
INSERT INTO `t_role_menu` VALUES (1, 82);
INSERT INTO `t_role_menu` VALUES (1, 83);
INSERT INTO `t_role_menu` VALUES (1, 127);
INSERT INTO `t_role_menu` VALUES (1, 128);
INSERT INTO `t_role_menu` VALUES (1, 129);
INSERT INTO `t_role_menu` VALUES (1, 130);
INSERT INTO `t_role_menu` VALUES (1, 135);
INSERT INTO `t_role_menu` VALUES (1, 131);
INSERT INTO `t_role_menu` VALUES (1, 132);
INSERT INTO `t_role_menu` VALUES (1, 133);
INSERT INTO `t_role_menu` VALUES (1, 134);
INSERT INTO `t_role_menu` VALUES (1, 136);
INSERT INTO `t_role_menu` VALUES (1, 137);
INSERT INTO `t_role_menu` VALUES (1, 138);
INSERT INTO `t_role_menu` VALUES (72, 1);
INSERT INTO `t_role_menu` VALUES (72, 3);
INSERT INTO `t_role_menu` VALUES (72, 4);
INSERT INTO `t_role_menu` VALUES (72, 5);
INSERT INTO `t_role_menu` VALUES (72, 6);
INSERT INTO `t_role_menu` VALUES (72, 64);
INSERT INTO `t_role_menu` VALUES (72, 2);
INSERT INTO `t_role_menu` VALUES (72, 8);
INSERT INTO `t_role_menu` VALUES (72, 10);
INSERT INTO `t_role_menu` VALUES (72, 113);
INSERT INTO `t_role_menu` VALUES (72, 121);
INSERT INTO `t_role_menu` VALUES (72, 122);
INSERT INTO `t_role_menu` VALUES (72, 124);
INSERT INTO `t_role_menu` VALUES (72, 123);
INSERT INTO `t_role_menu` VALUES (72, 127);
INSERT INTO `t_role_menu` VALUES (72, 101);
INSERT INTO `t_role_menu` VALUES (72, 102);
INSERT INTO `t_role_menu` VALUES (72, 109);
INSERT INTO `t_role_menu` VALUES (72, 58);
INSERT INTO `t_role_menu` VALUES (72, 59);
INSERT INTO `t_role_menu` VALUES (72, 61);
INSERT INTO `t_role_menu` VALUES (72, 81);
INSERT INTO `t_role_menu` VALUES (72, 82);
INSERT INTO `t_role_menu` VALUES (72, 83);
INSERT INTO `t_role_menu` VALUES (72, 128);
INSERT INTO `t_role_menu` VALUES (72, 129);
INSERT INTO `t_role_menu` VALUES (2, 3);
INSERT INTO `t_role_menu` VALUES (2, 1);
INSERT INTO `t_role_menu` VALUES (2, 4);
INSERT INTO `t_role_menu` VALUES (2, 5);
INSERT INTO `t_role_menu` VALUES (2, 6);
INSERT INTO `t_role_menu` VALUES (2, 64);
INSERT INTO `t_role_menu` VALUES (2, 2);
INSERT INTO `t_role_menu` VALUES (2, 8);
INSERT INTO `t_role_menu` VALUES (2, 10);
INSERT INTO `t_role_menu` VALUES (2, 113);
INSERT INTO `t_role_menu` VALUES (2, 121);
INSERT INTO `t_role_menu` VALUES (2, 122);
INSERT INTO `t_role_menu` VALUES (2, 124);
INSERT INTO `t_role_menu` VALUES (2, 123);
INSERT INTO `t_role_menu` VALUES (2, 125);
INSERT INTO `t_role_menu` VALUES (2, 101);
INSERT INTO `t_role_menu` VALUES (2, 102);
INSERT INTO `t_role_menu` VALUES (2, 109);
INSERT INTO `t_role_menu` VALUES (2, 58);
INSERT INTO `t_role_menu` VALUES (2, 59);
INSERT INTO `t_role_menu` VALUES (2, 61);
INSERT INTO `t_role_menu` VALUES (2, 81);
INSERT INTO `t_role_menu` VALUES (2, 82);
INSERT INTO `t_role_menu` VALUES (2, 83);
INSERT INTO `t_role_menu` VALUES (2, 127);
INSERT INTO `t_role_menu` VALUES (2, 128);
INSERT INTO `t_role_menu` VALUES (2, 129);
INSERT INTO `t_role_menu` VALUES (2, 130);
INSERT INTO `t_role_menu` VALUES (2, 14);
INSERT INTO `t_role_menu` VALUES (2, 17);
INSERT INTO `t_role_menu` VALUES (2, 132);
INSERT INTO `t_role_menu` VALUES (2, 20);
INSERT INTO `t_role_menu` VALUES (2, 133);
INSERT INTO `t_role_menu` VALUES (2, 65);
INSERT INTO `t_role_menu` VALUES (2, 134);
INSERT INTO `t_role_menu` VALUES (2, 136);
INSERT INTO `t_role_menu` VALUES (2, 103);
INSERT INTO `t_role_menu` VALUES (2, 137);
INSERT INTO `t_role_menu` VALUES (2, 138);
INSERT INTO `t_role_menu` VALUES (2, 131);

-- ----------------------------
-- Table structure for t_test
-- ----------------------------
DROP TABLE IF EXISTS `t_test`;
CREATE TABLE `t_test`  (
  `FIELD1` varchar(20) CHARACTER SET utf8 COLLATE utf8_general_ci NOT NULL,
  `FIELD2` int(11) NOT NULL,
  `FIELD3` varchar(100) CHARACTER SET utf8 COLLATE utf8_general_ci NOT NULL,
  `CREATE_TIME` datetime(0) NOT NULL
) ENGINE = InnoDB CHARACTER SET = utf8 COLLATE = utf8_general_ci ROW_FORMAT = Dynamic;

-- ----------------------------
-- Records of t_test
-- ----------------------------
INSERT INTO `t_test` VALUES ('字段1', 1, 'fsb@gmail.com', '2019-01-22 16:26:51');
INSERT INTO `t_test` VALUES ('字段1', 1, 'fsb0@gmail.com', '2019-01-23 03:01:03');
INSERT INTO `t_test` VALUES ('字段1', 2, 'fsb1@gmail.com', '2019-01-23 03:01:03');
INSERT INTO `t_test` VALUES ('字段1', 3, 'fsb2@gmail.com', '2019-01-23 03:01:03');
INSERT INTO `t_test` VALUES ('字段1', 4, 'fsb3@gmail.com', '2019-01-23 03:01:03');
INSERT INTO `t_test` VALUES ('字段1', 5, 'fsb4@gmail.com', '2019-01-23 03:01:03');
INSERT INTO `t_test` VALUES ('字段1', 10, 'fsb9@gmail.com', '2019-01-23 03:01:03');
INSERT INTO `t_test` VALUES ('字段1', 1, 'fsb0@gmail.com', '2019-01-23 03:03:49');
INSERT INTO `t_test` VALUES ('字段1', 2, 'fsb1@gmail.com', '2019-01-23 03:03:49');
INSERT INTO `t_test` VALUES ('字段1', 3, 'fsb2@gmail.com', '2019-01-23 03:03:49');
INSERT INTO `t_test` VALUES ('字段1', 4, 'fsb3@gmail.com', '2019-01-23 03:03:49');
INSERT INTO `t_test` VALUES ('字段1', 5, 'fsb4@gmail.com', '2019-01-23 03:03:49');
INSERT INTO `t_test` VALUES ('字段1', 10, 'fsb9@gmail.com', '2019-01-23 03:03:49');
INSERT INTO `t_test` VALUES ('字段1', 1, 'fsb0@gmail.com', '2019-01-23 03:07:47');
INSERT INTO `t_test` VALUES ('字段1', 2, 'fsb1@gmail.com', '2019-01-23 03:07:47');
INSERT INTO `t_test` VALUES ('字段1', 3, 'fsb2@gmail.com', '2019-01-23 03:07:47');
INSERT INTO `t_test` VALUES ('字段1', 4, 'fsb3@gmail.com', '2019-01-23 03:07:47');
INSERT INTO `t_test` VALUES ('字段1', 5, 'fsb4@gmail.com', '2019-01-23 03:07:47');
INSERT INTO `t_test` VALUES ('字段1', 6, 'fsb5@gmail.com', '2019-01-23 03:07:47');
INSERT INTO `t_test` VALUES ('字段1', 1, 'fsb0@gmail.com', '2019-01-23 03:08:09');
INSERT INTO `t_test` VALUES ('字段1', 2, 'fsb1@gmail.com', '2019-01-23 03:08:09');
INSERT INTO `t_test` VALUES ('字段1', 3, 'fsb2@gmail.com', '2019-01-23 03:08:09');
INSERT INTO `t_test` VALUES ('字段1', 4, 'fsb3@gmail.com', '2019-01-23 03:08:09');
INSERT INTO `t_test` VALUES ('字段1', 5, 'fsb4@gmail.com', '2019-01-23 03:08:09');
INSERT INTO `t_test` VALUES ('字段1', 10, 'fsb9@gmail.com', '2019-01-23 03:08:09');
INSERT INTO `t_test` VALUES ('字段1', 1, 'fsb0@gmail.com', '2019-01-23 03:19:52');
INSERT INTO `t_test` VALUES ('字段1', 2, 'fsb1@gmail.com', '2019-01-23 03:19:52');
INSERT INTO `t_test` VALUES ('字段1', 3, 'fsb2@gmail.com', '2019-01-23 03:19:52');
INSERT INTO `t_test` VALUES ('字段1', 4, 'fsb3@gmail.com', '2019-01-23 03:19:52');
INSERT INTO `t_test` VALUES ('字段1', 5, 'fsb4@gmail.com', '2019-01-23 03:19:52');
INSERT INTO `t_test` VALUES ('字段1', 6, 'fsb5@gmail.com', '2019-01-23 03:19:52');
INSERT INTO `t_test` VALUES ('字段1', 1, 'fsb0@gmail.com', '2019-01-23 03:20:56');
INSERT INTO `t_test` VALUES ('字段1', 2, 'fsb1@gmail.com', '2019-01-23 03:20:56');
INSERT INTO `t_test` VALUES ('字段1', 3, 'fsb2@gmail.com', '2019-01-23 03:20:56');
INSERT INTO `t_test` VALUES ('字段1', 4, 'fsb3@gmail.com', '2019-01-23 03:20:56');
INSERT INTO `t_test` VALUES ('字段1', 5, 'fsb4@gmail.com', '2019-01-23 03:20:56');
INSERT INTO `t_test` VALUES ('字段1', 6, 'fsb5@gmail.com', '2019-01-23 03:20:56');
INSERT INTO `t_test` VALUES ('字段1', 1, 'fsb0@gmail.com', '2019-01-23 06:12:38');
INSERT INTO `t_test` VALUES ('字段1', 2, 'fsb1@gmail.com', '2019-01-23 06:12:38');
INSERT INTO `t_test` VALUES ('字段1', 3, 'fsb2@gmail.com', '2019-01-23 06:12:38');
INSERT INTO `t_test` VALUES ('字段1', 4, 'fsb3@gmail.com', '2019-01-23 06:12:38');
INSERT INTO `t_test` VALUES ('字段1', 5, 'fsb4@gmail.com', '2019-01-23 06:12:38');
INSERT INTO `t_test` VALUES ('字段1', 6, 'fsb5@gmail.com', '2019-01-23 06:12:38');
INSERT INTO `t_test` VALUES ('字段1', 7, 'fsb6@gmail.com', '2019-01-23 06:12:38');
INSERT INTO `t_test` VALUES ('字段1', 8, 'fsb7@gmail.com', '2019-01-23 06:12:38');
INSERT INTO `t_test` VALUES ('字段1', 9, 'fsb8@gmail.com', '2019-01-23 06:12:38');
INSERT INTO `t_test` VALUES ('字段1', 11, 'fsb10@gmail.com', '2019-01-23 06:12:38');
INSERT INTO `t_test` VALUES ('字段1', 12, 'fsb11@gmail.com', '2019-01-23 06:12:38');
INSERT INTO `t_test` VALUES ('字段1', 14, 'fsb13@gmail.com', '2019-01-23 06:12:38');
INSERT INTO `t_test` VALUES ('字段1', 15, 'fsb14@gmail.com', '2019-01-23 06:12:38');
INSERT INTO `t_test` VALUES ('字段1', 16, 'fsb15@gmail.com', '2019-01-23 06:12:38');
INSERT INTO `t_test` VALUES ('字段1', 18, 'fsb17@gmail.com', '2019-01-23 06:12:38');
INSERT INTO `t_test` VALUES ('字段1', 19, 'fsb18@gmail.com', '2019-01-23 06:12:38');
INSERT INTO `t_test` VALUES ('字段1', 20, 'fsb19@gmail.com', '2019-01-23 06:12:38');

-- ----------------------------
-- Table structure for t_user
-- ----------------------------
DROP TABLE IF EXISTS `t_user`;
CREATE TABLE `t_user`  (
  `USER_ID` bigint(10) NOT NULL AUTO_INCREMENT COMMENT '用户ID',
  `USERNAME` varchar(50) CHARACTER SET utf8 COLLATE utf8_general_ci NOT NULL COMMENT '用户名',
  `PASSWORD` varchar(128) CHARACTER SET utf8 COLLATE utf8_general_ci NOT NULL COMMENT '密码',
  `DEPT_ID` bigint(20) DEFAULT NULL COMMENT '部门ID',
  `EMAIL` varchar(128) CHARACTER SET utf8 COLLATE utf8_general_ci DEFAULT NULL COMMENT '邮箱',
  `MOBILE` varchar(20) CHARACTER SET utf8 COLLATE utf8_general_ci DEFAULT NULL COMMENT '联系电话',
  `STATUS` char(1) CHARACTER SET utf8 COLLATE utf8_general_ci NOT NULL COMMENT '状态 0锁定 1有效',
  `CREATE_TIME` datetime(0) NOT NULL COMMENT '创建时间',
  `MODIFY_TIME` datetime(0) DEFAULT NULL COMMENT '修改时间',
  `LAST_LOGIN_TIME` datetime(0) DEFAULT NULL COMMENT '最近访问时间',
  `SSEX` char(1) CHARACTER SET utf8 COLLATE utf8_general_ci DEFAULT NULL COMMENT '性别 0男 1女 2保密',
  `DESCRIPTION` varchar(100) CHARACTER SET utf8 COLLATE utf8_general_ci DEFAULT NULL COMMENT '描述',
  `AVATAR` varchar(100) CHARACTER SET utf8 COLLATE utf8_general_ci DEFAULT NULL COMMENT '用户头像',
  PRIMARY KEY (`USER_ID`) USING BTREE
) ENGINE = InnoDB AUTO_INCREMENT = 14 CHARACTER SET = utf8 COLLATE = utf8_general_ci ROW_FORMAT = Dynamic;

-- ----------------------------
-- Records of t_user
-- ----------------------------
INSERT INTO `t_user` VALUES (1, 'admin', 'b48606a423d3d6419339b8e1d56d9a22', 1, '', '13455533233', '1', '2017-12-27 15:47:19', '2019-01-17 02:34:19', '2019-08-22 13:45:36', '2', '', '5997fedcc7bd4cffbd350b40d1b5b9824.jpg');
INSERT INTO `t_user` VALUES (2, 'scott', '7b44a5363e3fd52435beb472e1d2b91f', 6, 'scott@qq.com', '15134627380', '1', '2017-12-29 16:16:39', '2019-01-18 00:59:09', '2019-01-28 01:54:09', '0', '我是scott，嗯嗯', 'jZUIxmJycoymBprLOUbT.png');
INSERT INTO `t_user` VALUES (12, 'jack', '552649f10640385d0728a80a4242893e', 6, 'jack@hotmail.com', NULL, '1', '2019-01-23 07:34:05', '2019-01-24 03:08:01', '2019-01-24 08:52:03', '0', NULL, 'default.jpg');
INSERT INTO `t_user` VALUES (13, 'test', '54c5c0409aa3160a5d189e2994047694', NULL, NULL, NULL, '1', '2019-08-22 06:20:14', NULL, '2019-08-22 06:20:20', '2', '注册用户', 'default.jpg');

-- ----------------------------
-- Table structure for t_user_config
-- ----------------------------
DROP TABLE IF EXISTS `t_user_config`;
CREATE TABLE `t_user_config`  (
  `USER_ID` bigint(20) NOT NULL COMMENT '用户ID',
  `THEME` varchar(10) CHARACTER SET utf8 COLLATE utf8_general_ci DEFAULT NULL COMMENT '系统主题 dark暗色风格，light明亮风格',
  `LAYOUT` varchar(10) CHARACTER SET utf8 COLLATE utf8_general_ci DEFAULT NULL COMMENT '系统布局 side侧边栏，head顶部栏',
  `MULTI_PAGE` char(1) CHARACTER SET utf8 COLLATE utf8_general_ci DEFAULT NULL COMMENT '页面风格 1多标签页 0单页',
  `FIX_SIDERBAR` char(1) CHARACTER SET utf8 COLLATE utf8_general_ci DEFAULT NULL COMMENT '页面滚动是否固定侧边栏 1固定 0不固定',
  `FIX_HEADER` char(1) CHARACTER SET utf8 COLLATE utf8_general_ci DEFAULT NULL COMMENT '页面滚动是否固定顶栏 1固定 0不固定',
  `COLOR` varchar(20) CHARACTER SET utf8 COLLATE utf8_general_ci DEFAULT NULL COMMENT '主题颜色 RGB值',
  PRIMARY KEY (`USER_ID`) USING BTREE
) ENGINE = InnoDB CHARACTER SET = utf8 COLLATE = utf8_general_ci ROW_FORMAT = Dynamic;

-- ----------------------------
-- Records of t_user_config
-- ----------------------------
INSERT INTO `t_user_config` VALUES (1, 'light', 'side', '1', '1', '1', 'rgb(24, 144, 255)');
INSERT INTO `t_user_config` VALUES (2, 'light', 'head', '0', '1', '1', 'rgb(24, 144, 255)');
INSERT INTO `t_user_config` VALUES (12, 'dark', 'side', '1', '1', '1', 'rgb(66, 185, 131)');
INSERT INTO `t_user_config` VALUES (13, 'dark', 'side', '0', '1', '1', 'rgb(66, 185, 131)');

-- ----------------------------
-- Table structure for t_user_role
-- ----------------------------
DROP TABLE IF EXISTS `t_user_role`;
CREATE TABLE `t_user_role`  (
  `USER_ID` bigint(20) NOT NULL COMMENT '用户ID',
  `ROLE_ID` bigint(20) NOT NULL COMMENT '角色ID'
) ENGINE = InnoDB CHARACTER SET = utf8 COLLATE = utf8_general_ci ROW_FORMAT = Dynamic;

-- ----------------------------
-- Records of t_user_role
-- ----------------------------
INSERT INTO `t_user_role` VALUES (1, 1);
INSERT INTO `t_user_role` VALUES (2, 2);
INSERT INTO `t_user_role` VALUES (12, 72);
INSERT INTO `t_user_role` VALUES (13, 2);

SET FOREIGN_KEY_CHECKS = 1;
